amount,transaction_freq_24h,account_age_days,is_weekend,is_fraud
272.41,3,540,1,0
70.99,0,646,0,0
425.4,4,823,1,0
514.48,1,575,1,0
28.55,3,642,1,0
54.62,0,26,1,0
228.25,4,835,0,0
146.4,6,361,0,0
197.51,2,421,0,1
85.59,1,463,0,0
483.95,0,79,0,0
437.19,3,541,0,0
214.57,3,418,0,0
620.07,4,256,0,0
320.57,4,269,0,1
85.05,1,38,1,0
290.42,1,972,1,0
76.99,4,322,0,0
483.49,1,957,1,0
191.07,1,915,0,0
166.95,5,501,0,1
101.66,6,884,1,0
682.07,1,232,1,0
172.1,2,198,1,0
130.88,0,984,0,0
141.24,1,708,0,0
342.03,1,754,1,0
289.46,4,1011,1,1
303.48,2,16,0,0
309.02,1,189,0,0
1709.97,2,1053,1,0
133.78,1,141,0,0
120.34,2,491,1,0
89.02,1,25,1,0
371.88,6,357,0,0
621.14,1,189,0,0
179.22,2,280,1,0
86.7,2,891,1,0
88.07,3,302,1,0
384.97,2,891,1,0
422.35,5,979,0,0
345.76,3,592,1,0
103.24,3,590,0,0
253.34,8,365,0,0
225.71,4,730,1,0
249.95,4,883,0,0
480.11,2,945,1,0
251.18,3,214,1,1
396.03,6,751,1,0
214.9,2,154,1,0
268.19,2,537,1,0
377.61,3,98,1,0
46.78,2,602,1,0
145.9,3,932,0,0
125.49,0,894,0,0
106.03,3,783,1,1
152.54,2,632,1,0
895.63,1,684,0,0
84.5,5,110,0,0
528.93,1,796,0,1
37.33,5,746,1,0
143.7,1,157,1,1
236.36,3,692,0,1
360.97,6,421,1,0
409.04,5,558,1,0
444.05,2,891,1,0
141.72,4,353,1,0
126.5,3,1003,0,0
473.69,1,457,0,0
165.88,4,562,1,1
56.09,2,32,1,0
64.67,3,134,1,0
80.09,2,309,1,0
330.22,5,1071,0,0
231.6,3,285,0,0
400.64,1,433,1,1
131.02,3,935,0,0
235.36,3,349,1,0
375.47,2,890,0,0
147.41,2,132,0,0
317.15,2,146,0,1
103.61,3,14,1,1
139.7,2,137,0,0
137.12,7,661,1,0
60.75,3,100,1,0
326.87,3,670,1,0
125.61,5,656,1,0
203.38,4,257,0,1
324.84,4,41,1,0
313.91,2,178,1,0
390.71,1,157,0,0
182.02,1,578,1,0
131.54,1,1019,0,0
185.47,3,477,1,0
37.16,2,694,1,0
47.25,3,333,0,0
53.51,4,101,0,0
74.09,0,239,0,0
299.57,5,525,1,0
81.22,4,941,1,0
137.61,4,272,1,0
736.43,0,1077,0,0
140.66,1,699,0,0
419.94,2,390,1,0
78.96,3,681,0,0
163.55,2,764,0,0
77.68,3,751,0,0
143.1,2,947,1,0
465.4,2,725,0,0
35.7,3,30,0,0
310.14,4,413,1,0
254.76,4,994,1,0
110.88,4,227,1,0
47.3,5,547,1,0
215.88,5,548,0,0
118.28,2,610,0,0
253.47,4,951,1,0
205.29,2,591,0,0
996.61,2,1,1,0
158.1,2,266,1,1
72.17,2,691,1,0
240.29,3,856,1,0
250.28,6,708,1,0
781.94,5,802,1,0
462.99,4,264,0,0
286.99,5,105,0,1
867.74,1,1038,1,0
61.18,4,616,1,0
105.94,3,808,0,0
79.52,4,1047,1,0
136.02,3,200,0,0
50.7,4,954,0,0
379.08,3,401,1,0
160.83,2,685,0,0
46.14,1,424,1,0
72.75,2,218,0,0
274.82,1,963,0,0
464.38,5,380,1,0
1479.29,2,28,1,0
3701.33,3,165,1,0
303.99,3,1052,1,1
74.67,4,900,0,0
23.82,0,728,0,0
262.51,2,852,0,1
89.09,6,710,1,0
132.59,4,996,0,0
108.91,5,110,0,0
174.48,2,70,0,0
583.22,1,761,0,0
235.01,3,1056,1,0
171.39,4,636,0,0
71.3,2,1058,1,0
37.63,2,439,0,0
123.5,5,738,0,0
190.34,5,557,1,0
1176.75,3,965,0,0
228.8,2,709,0,0
536.64,2,480,0,0
121.91,5,268,0,0
61.41,5,343,1,0
76.51,8,82,0,1
97.26,4,169,0,0
1687.59,3,557,1,0
88.34,2,35,0,0
464.55,1,516,0,0
81.42,4,46,1,1
509.87,3,178,1,0
295.17,5,757,1,0
171.73,0,32,1,0
192.83,3,369,1,0
104.35,8,209,1,0
313.77,3,60,0,0
127.43,3,228,0,1
58.97,5,123,0,0
55.96,5,89,0,0
238.69,2,728,1,0
974.26,5,137,1,0
235.7,5,1027,1,0
178.39,2,533,1,0
267.31,4,447,1,0
741.43,3,959,1,0
250.13,3,851,1,0
133.17,2,460,1,0
607.21,4,1066,0,0
308.38,4,581,0,0
932.94,1,775,1,0
241.25,4,1061,1,0
59.03,1,791,0,0
51.13,6,647,1,0
1046.82,2,674,0,0
1125.8,1,716,1,0
167.85,2,1070,1,0
136.92,2,767,0,0
866.13,4,328,0,1
66.39,0,25,1,0
82.09,1,857,0,0
382.19,3,535,0,0
135.37,2,455,0,0
199.83,3,1024,0,0
170.57,2,171,0,0
281.51,3,42,1,0
820.63,3,809,1,0
219.9,3,1012,1,1
382.42,5,908,1,0
25.85,1,953,1,0
191.3,3,945,0,0
86.43,3,751,1,0
59.37,3,1009,0,0
83.47,2,374,1,0
143.81,5,815,1,1
501.94,1,101,0,1
53.31,1,578,0,1
207.1,4,318,0,0
123.77,1,1027,1,0
144.74,3,478,1,0
547.49,2,230,0,0
344.02,2,623,1,0
765.08,3,85,1,0
172.1,3,139,1,1
100.15,5,473,0,0
160.57,3,691,0,0
255.98,4,637,1,0
239.64,3,61,1,0
67.91,8,744,1,0
219.88,2,64,1,0
252.35,1,893,0,0
2490.05,7,43,0,0
1312.16,2,30,0,0
85.57,6,567,1,0
150.69,4,878,1,0
46.49,3,837,1,0
111.26,1,657,1,0
275.39,5,196,0,0
670.78,1,1043,0,0
96.88,5,23,1,0
104.42,3,381,0,0
23.46,2,825,0,0
170.7,0,675,1,0
69.42,4,865,0,0
118.29,2,839,0,0
83.57,3,1028,0,0
182.79,1,565,1,0
34.63,1,899,0,0
46.32,0,171,1,0
1688.9,3,191,1,0
55.43,1,55,0,0
67.07,2,224,1,0
1260.8,1,122,1,0
3668.92,2,902,1,0
62.24,3,542,1,0
138.98,2,486,0,0
282.63,2,700,0,0
1131.48,2,394,1,0
74.87,4,625,1,0
157.17,3,4,0,0
437.0,2,780,0,0
310.24,4,954,1,0
137.89,2,43,0,0
175.7,1,89,0,0
50.79,2,150,1,0
158.29,2,666,0,0
153.88,2,833,1,1
253.35,3,901,1,0
115.27,2,855,1,0
321.86,2,632,1,1
552.97,1,769,0,0
234.63,6,307,1,0
285.53,4,816,1,0
211.82,1,201,0,0
200.87,0,1055,0,0
97.61,0,46,1,1
275.64,6,1033,1,0
182.24,5,504,0,1
1629.05,5,706,0,0
968.69,2,175,1,0
295.43,4,350,1,0
93.65,5,944,1,0
66.03,2,16,0,0
660.98,2,210,1,0
261.21,5,691,0,1
324.64,2,880,1,0
35.09,1,472,0,0
507.77,1,96,0,0
316.4,3,161,1,0
66.17,3,975,1,0
125.34,2,236,0,0
261.47,2,634,1,0
211.67,2,1025,0,0
149.97,5,411,0,0
181.11,1,73,0,0
156.12,5,890,1,0
233.96,0,862,1,0
874.87,2,713,1,0
15.42,5,987,1,0
158.5,5,849,0,0
239.63,3,754,1,0
270.04,1,365,0,1
138.47,2,68,1,0
34.67,1,795,1,0
278.82,0,926,1,0
1129.96,3,761,0,0
43.32,0,715,0,0
476.47,4,786,1,0
144.61,3,304,0,0
188.91,6,128,0,0
70.08,6,689,0,0
143.76,3,1032,0,0
737.03,3,150,0,0
359.69,4,78,0,0
1135.58,4,775,1,0
651.97,4,463,0,0
311.58,2,988,1,0
1148.85,4,517,0,1
311.56,4,571,1,0
459.7,3,68,0,0
149.31,5,1042,1,0
214.68,5,363,0,0
100.0,5,480,1,0
540.32,4,689,1,1
61.82,2,939,0,0
439.19,3,870,0,0
165.99,3,847,0,0
647.96,3,116,1,0
425.58,3,97,1,0
1240.45,5,910,0,0
417.11,1,999,1,0
41.7,2,683,1,0
187.85,2,997,0,0
62.21,4,348,0,0
119.62,2,385,0,0
910.34,0,187,1,0
379.98,4,869,1,0
99.85,2,733,0,0
72.88,4,246,1,0
207.55,4,1094,1,0
59.5,3,34,1,0
102.66,0,843,0,0
274.4,1,228,1,0
637.72,2,858,1,1
369.2,1,530,0,0
20.31,4,257,0,0
272.31,6,64,1,0
215.86,2,680,1,0
303.83,3,176,1,0
1011.1,4,493,1,0
25.52,4,1040,1,0
111.22,4,972,0,0
362.67,7,541,1,0
41.31,0,801,0,1
878.78,3,901,1,0
290.31,6,664,1,0
468.33,1,227,0,0
113.48,4,888,1,0
453.21,1,97,1,0
584.68,3,572,0,0
253.53,5,854,1,1
253.91,1,625,1,1
263.2,3,382,0,1
84.71,2,456,1,0
173.31,3,504,1,0
172.44,3,814,1,0
294.71,3,1086,0,0
545.89,0,852,1,0
69.69,1,347,1,0
177.25,3,122,1,1
883.63,2,518,0,0
95.49,4,939,0,0
88.26,4,695,0,0
245.89,4,353,1,0
467.3,2,98,0,0
203.16,2,276,0,0
758.65,3,784,1,0
473.13,2,733,0,0
466.1,6,495,0,0
349.57,4,366,1,0
2059.54,6,192,1,0
163.6,2,1064,0,0
27.09,5,472,1,1
999.08,4,840,1,0
127.09,1,504,0,0
223.74,0,623,0,0
744.07,1,701,0,0
40.46,2,390,1,0
57.45,2,1026,0,0
40.5,0,501,1,0
90.78,3,837,1,0
311.76,3,1003,0,0
339.26,3,419,1,0
264.77,0,257,0,0
48.9,1,1061,0,0
19.94,4,860,0,0
212.07,1,866,0,0
125.31,4,1035,1,1
317.97,3,31,1,0
405.26,3,1034,1,0
230.63,1,128,0,0
429.54,0,159,1,0
252.6,6,239,0,0
341.26,5,124,1,0
99.28,3,92,0,0
167.83,4,137,0,0
244.54,3,532,1,0
456.28,2,408,1,0
135.48,1,373,0,0
338.24,5,188,0,0
153.97,5,1065,1,0
178.58,2,364,0,0
460.4,2,518,0,0
27.37,2,156,0,0
54.93,3,233,0,1
45.62,2,257,0,0
19.47,3,1062,1,0
101.93,7,193,0,0
424.97,3,563,0,0
151.06,2,596,1,0
244.78,0,80,0,1
596.93,5,384,1,0
757.69,3,89,0,0
187.44,4,192,1,0
777.57,1,739,1,0
220.24,1,622,1,0
86.94,4,542,1,0
110.85,4,234,1,0
45.7,4,683,1,0
82.64,6,990,1,1
140.41,4,930,0,0
448.62,4,190,0,0
1122.55,3,746,0,0
50.42,1,267,1,0
297.5,6,943,0,1
70.95,4,518,0,0
322.88,3,813,0,0
176.18,4,591,1,0
32.19,5,738,0,0
508.2,2,1023,0,0
109.68,3,148,1,0
117.76,4,989,1,0
68.91,0,529,1,1
104.41,2,156,1,0
308.12,5,474,1,0
166.22,3,62,1,0
279.01,8,592,1,1
288.45,2,517,1,0
752.38,5,428,1,1
142.57,2,486,0,0
45.87,1,679,0,0
583.95,2,905,0,0
144.18,3,430,1,0
612.27,0,19,1,0
294.7,5,611,0,0
176.17,2,1034,1,0
284.68,2,432,1,0
1413.18,1,135,1,0
1602.89,5,987,0,0
215.29,4,459,1,0
235.75,1,409,1,0
589.24,2,324,0,1
86.22,5,800,1,0
280.24,7,160,0,0
195.73,6,672,0,0
274.92,5,382,0,0
87.29,1,422,0,0
40.98,4,236,0,0
25.27,6,884,1,0
65.71,4,497,1,1
126.96,8,1015,0,1
149.81,4,906,0,0
1393.84,3,832,0,1
607.03,2,493,1,0
76.75,3,1038,0,0
284.37,3,640,0,0
133.69,2,478,0,1
151.14,6,381,1,0
241.75,4,1000,1,0
373.07,0,279,0,0
143.07,1,959,1,0
581.98,6,251,1,0
64.11,8,835,1,0
202.13,1,309,1,0
2697.98,1,914,1,0
251.05,1,915,1,0
842.02,4,799,1,0
220.11,0,1086,1,0
359.01,5,561,1,0
189.77,3,918,1,0
169.39,1,605,0,0
92.12,1,43,0,0
308.86,1,457,1,1
85.72,2,36,0,0
390.79,4,727,0,0
594.59,4,167,0,0
289.78,3,356,0,0
150.86,2,954,0,0
316.26,2,810,1,0
147.51,2,368,0,0
511.9,0,553,1,0
32.17,1,636,1,0
143.59,6,387,1,0
27.43,2,821,1,0
45.04,4,162,0,0
785.6,7,467,0,0
491.65,1,280,0,0
97.82,5,743,1,1
44.7,2,701,0,0
10.36,1,883,0,0
116.64,2,405,0,0
2259.73,1,253,0,0
310.28,0,37,0,1
114.78,3,942,0,0
319.79,7,361,1,0
42.17,3,826,1,0
149.2,5,401,1,0
221.86,4,364,1,0
184.29,3,257,0,0
442.92,2,855,0,1
283.51,3,314,0,0
391.86,6,325,1,0
100.91,7,772,0,0
492.95,2,567,1,0
1024.05,5,817,1,0
76.13,1,114,1,0
82.67,4,1050,0,1
763.85,0,259,0,0
165.88,3,130,0,0
817.63,3,120,1,0
129.03,1,342,0,0
860.6,2,464,0,0
229.08,4,85,0,0
260.03,5,682,0,0
960.36,2,671,0,0
139.88,4,851,1,1
78.37,3,18,1,0
128.26,3,106,0,0
315.74,3,225,0,1
41.96,1,480,0,0
379.96,2,643,0,0
117.19,1,221,0,0
632.95,3,393,0,0
18.33,1,562,0,0
91.47,4,596,0,0
37.19,4,576,0,0
87.91,6,701,1,0
257.3,5,827,0,0
167.9,3,918,1,0
155.9,3,1057,0,0
171.3,1,430,0,0
246.16,6,360,1,0
73.26,4,306,1,0
407.25,3,383,1,0
389.65,1,590,0,0
295.19,4,661,1,0
350.42,2,77,0,0
270.16,5,1093,0,0
1537.11,6,46,0,0
184.1,1,439,1,0
147.75,2,495,1,0
94.54,2,378,0,0
71.54,2,239,1,0
57.87,4,581,1,0
82.58,0,8,0,0
187.15,5,814,0,0
280.59,2,744,1,0
211.39,5,844,0,0
93.41,3,893,0,0
494.12,2,971,1,0
420.73,3,162,0,0
171.22,1,914,1,0
104.55,0,617,0,0
347.59,3,136,0,0
242.39,2,1077,0,0
47.2,5,889,1,0
187.65,1,295,0,0
261.03,4,975,0,0
81.69,4,800,1,1
242.85,2,490,1,0
46.89,2,178,0,0
764.16,2,800,1,0
699.62,3,1020,0,0
156.03,2,211,0,0
288.89,4,1,0,0
18.04,4,252,1,0
63.2,3,323,0,0
149.73,5,415,0,0
68.75,2,1069,0,0
410.34,4,1055,1,0
1480.12,1,734,0,0
61.93,3,238,1,0
86.93,5,232,0,0
254.18,2,90,1,0
1005.96,1,866,0,0
59.16,5,242,0,0
257.65,1,983,0,0
1241.26,4,657,1,1
38.51,2,534,1,0
55.79,5,1017,1,0
131.5,3,171,1,0
119.34,2,508,1,1
452.68,1,283,0,0
255.76,4,199,1,0
34.04,3,1032,1,0
336.3,4,663,1,0
112.74,4,177,1,0
718.4,0,118,1,0
107.23,1,342,1,0
106.27,6,913,1,0
345.06,2,160,1,0
430.74,3,812,0,0
314.41,7,116,1,0
37.23,1,369,0,0
343.99,5,572,1,0
71.4,1,142,1,1
254.13,2,434,0,0
48.37,4,293,1,0
313.85,1,51,0,0
89.66,1,2,1,0
55.7,4,159,1,1
410.1,5,819,0,0
255.76,2,42,1,0
108.7,1,554,1,0
857.28,3,27,0,0
129.27,5,236,1,0
207.41,2,196,1,0
262.83,3,372,1,1
108.09,5,814,1,0
321.73,1,461,1,0
117.82,2,17,1,0
133.08,0,159,0,0
784.64,3,334,1,0
70.95,3,305,1,0
17.99,7,618,1,0
1005.78,4,384,0,0
2570.65,7,814,1,0
133.93,5,277,0,0
28.96,4,742,1,1
147.25,3,111,1,0
150.86,2,1082,0,0
166.11,2,1080,0,0
65.97,5,302,1,0
358.58,0,257,1,0
339.37,4,1,1,1
45.07,4,1068,0,0
404.15,1,42,1,0
1564.42,3,3,1,0
238.54,1,107,0,0
143.35,4,323,0,0
174.27,5,1067,0,1
371.61,4,183,1,1
35.58,4,624,0,0
236.74,7,712,0,0
135.93,1,875,0,0
1274.63,4,766,0,0
168.75,0,1078,1,0
1064.73,2,724,1,1
66.61,2,924,1,0
361.35,3,350,1,1
276.44,4,446,1,0
84.23,2,807,0,0
239.84,4,959,0,0
675.26,1,6,0,0
145.3,4,475,1,0
36.99,1,878,0,0
197.36,3,125,1,0
81.46,2,386,0,0
142.63,3,600,1,0
185.12,4,91,0,1
36.49,6,1002,0,0
39.92,5,403,1,0
325.27,4,859,1,0
119.09,0,468,0,0
15.45,4,440,0,1
440.29,2,1057,1,0
263.74,4,936,0,0
98.37,1,565,1,0
53.83,4,508,1,0
463.31,3,855,0,0
284.84,2,749,1,0
2175.88,6,1072,1,0
305.75,2,365,0,0
295.98,4,124,0,0
169.98,3,214,1,0
454.57,3,578,0,0
375.28,1,343,1,0
702.26,3,886,1,0
119.25,5,958,1,0
129.95,3,205,0,0
124.4,3,1083,0,0
442.92,4,691,0,0
898.71,3,289,0,0
126.94,4,221,1,0
131.34,1,181,1,0
274.97,1,516,0,0
157.09,2,78,1,0
520.42,5,144,0,0
21.13,2,825,1,0
87.87,3,535,0,0
91.85,2,578,0,0
19.73,1,356,0,0
76.63,3,609,0,0
80.43,0,376,0,0
164.26,1,50,0,0
611.28,2,622,0,0
157.2,4,89,1,0
71.65,2,754,1,0
189.74,2,1001,0,0
573.5,4,731,1,0
75.69,2,631,0,0
80.8,1,1055,1,0
351.12,5,240,1,0
160.94,4,847,0,0
383.78,3,227,1,0
198.13,4,1,0,0
405.15,5,264,0,0
71.34,2,550,1,0
198.44,1,70,0,0
162.7,3,305,1,0
59.54,2,55,1,0
42.06,1,267,1,0
398.75,2,788,1,0
141.41,4,167,0,0
72.26,5,289,0,0
182.44,2,149,0,0
620.55,3,421,0,0
20.53,2,833,1,0
44.97,4,588,1,0
79.81,2,220,1,0
865.9,3,351,0,0
266.45,11,734,1,0
432.64,6,524,1,0
64.23,1,504,1,0
65.57,1,947,1,0
314.32,5,897,0,0
212.91,0,268,0,0
347.69,9,771,1,0
166.49,0,866,1,0
265.26,3,985,1,0
235.26,2,289,1,0
437.18,3,797,1,0
450.16,5,205,0,0
39.75,2,487,0,0
21.23,3,80,0,1
546.94,3,661,1,1
658.73,5,749,1,0
72.38,7,489,1,0
31.27,4,451,1,1
221.77,4,265,1,1
509.5,3,843,0,0
1212.18,4,996,0,0
336.6,0,146,0,1
138.5,3,302,0,0
82.22,1,661,1,0
203.17,4,401,0,0
148.91,1,15,0,0
72.79,1,23,1,0
1558.28,2,256,0,0
1197.22,2,1059,1,0
625.55,3,667,0,0
79.98,3,280,1,0
472.3,4,62,1,0
380.78,3,828,0,0
312.66,5,413,1,1
700.82,4,431,0,0
379.16,5,615,0,0
420.99,4,250,0,0
379.74,0,796,0,0
282.41,3,344,1,0
33.75,3,772,1,0
218.37,2,566,0,0
115.17,1,163,1,0
55.85,6,683,0,0
1079.66,2,83,0,0
1131.82,2,783,1,0
781.96,4,412,0,0
259.25,5,734,1,0
775.27,5,264,1,1
203.29,2,446,0,0
246.01,4,335,0,0
67.3,4,275,0,0
298.74,4,375,0,0
213.36,1,59,0,0
54.59,3,435,1,0
190.83,2,135,1,0
185.46,6,568,1,0
1212.14,2,100,0,0
491.17,4,11,0,0
203.17,2,481,0,0
257.59,4,327,1,0
209.93,4,960,0,0
163.97,4,290,1,0
68.04,5,437,0,0
172.7,1,259,1,0
95.25,1,974,1,0
57.53,4,863,1,0
334.89,4,189,0,0
297.03,3,275,1,0
33.65,4,204,0,0
177.67,4,166,0,0
543.64,4,264,0,0
579.29,4,932,0,1
560.27,3,502,0,0
208.83,4,419,1,0
86.27,4,209,0,0
67.96,3,202,0,0
283.49,2,608,0,0
293.5,5,822,1,0
727.72,0,611,0,0
603.39,2,719,0,0
175.98,4,287,1,0
57.88,1,1035,1,0
145.98,6,900,1,0
249.59,2,961,1,0
164.1,4,731,0,0
112.7,2,760,0,0
258.65,5,78,1,0
121.34,1,177,1,0
107.18,1,145,1,0
274.25,5,529,1,0
134.37,2,644,0,0
256.39,3,130,1,0
263.96,3,823,1,0
64.27,1,602,1,0
124.13,2,652,0,0
845.87,5,1003,1,0
62.83,3,640,1,0
24.19,2,5,0,0
31.21,5,842,0,0
206.79,2,959,0,0
207.16,6,92,1,0
178.57,6,591,0,0
676.39,4,514,1,0
13.87,4,166,0,0
298.43,1,303,0,0
957.21,6,937,1,0
65.03,2,429,1,0
137.38,0,588,1,1
94.6,7,851,0,0
82.12,3,491,0,1
144.94,1,975,0,0
837.21,2,547,0,0
1261.39,3,1079,0,0
143.54,2,162,0,0
1349.71,9,972,0,0
208.13,3,124,0,0
1160.12,3,890,0,0
182.96,3,724,1,0
228.98,2,613,1,0
289.47,5,964,0,0
4824.39,2,701,0,0
470.54,4,760,1,0
99.02,3,826,0,0
529.31,0,920,1,0
139.88,0,254,1,1
123.08,4,925,1,0
498.29,4,645,0,0
207.2,6,36,1,0
265.38,2,1005,1,0
203.68,3,844,1,0
281.23,6,976,0,0
307.22,3,845,0,0
28.95,2,378,0,1
391.18,1,383,0,0
75.23,0,303,1,0
47.48,4,449,0,0
189.46,7,39,0,0
218.45,3,816,0,0
100.39,4,824,0,0
461.1,4,1080,0,0
52.48,7,603,1,0
133.71,2,1081,1,0
111.91,3,230,1,0
191.71,2,519,0,1
265.46,4,857,1,0
73.31,2,864,0,0
414.41,5,847,0,0
213.92,1,510,0,0
30.28,4,80,0,0
28.33,1,948,0,0
198.4,3,418,0,0
161.03,2,711,1,0
181.12,5,146,0,0
195.31,2,1025,0,0
251.68,4,281,0,0
518.13,1,1091,0,0
66.12,2,783,1,1
62.22,3,362,0,0
67.31,2,405,1,0
268.14,2,1072,1,0
697.52,4,650,0,0
130.48,3,758,0,0
16.46,1,671,0,0
36.55,3,261,1,0
87.32,3,145,0,0
114.99,5,4,1,1
133.51,3,444,0,0
208.76,5,749,0,0
147.06,4,330,1,0
573.6,2,244,0,1
102.16,3,426,1,0
84.8,0,254,1,0
324.23,3,476,0,0
43.25,1,605,0,0
296.57,2,298,0,0
222.55,3,34,1,0
173.32,0,112,0,0
983.25,0,456,1,0
107.81,2,195,1,0
1576.38,2,875,0,0
160.32,0,181,0,0
56.01,1,30,0,0
215.4,1,678,1,0
68.47,7,683,1,0
94.71,1,736,0,0
298.75,2,174,1,0
350.08,4,745,1,0
107.82,2,944,0,0
539.15,3,662,1,0
639.12,6,428,1,0
844.62,3,527,1,0
341.04,1,889,0,0
785.26,2,157,0,0
30.62,1,792,1,0
146.16,5,295,1,0
84.4,1,961,1,0
226.29,5,153,0,0
113.42,4,566,0,0
170.11,3,439,1,0
1319.17,6,532,0,1
169.5,5,419,1,0
303.8,2,41,0,0
159.22,1,939,0,0
216.65,2,584,1,1
202.07,11,657,0,0
314.48,7,572,0,0
644.12,3,579,1,0
1043.13,2,664,0,0
273.75,1,459,1,0
362.18,4,144,1,0
63.54,1,33,0,0
183.96,7,591,0,1
514.33,1,204,1,0
477.5,5,497,0,0
248.19,1,663,0,0
487.35,3,652,1,0
328.11,1,185,0,0
667.07,5,723,1,0
268.26,1,1030,0,0
140.74,3,396,1,0
281.02,4,130,1,1
10.72,2,552,0,0
294.56,2,675,0,0
5.23,4,433,1,0
35.84,1,656,1,0
315.56,2,838,1,0
323.8,3,633,1,1
62.81,4,872,0,0
98.54,2,160,0,0
790.86,3,321,1,0
123.79,4,608,1,0
1892.22,1,284,0,0
200.47,5,1088,0,0
302.06,3,743,0,0
1011.77,4,451,0,0
228.97,3,847,1,0
73.72,2,1076,0,1
179.98,1,12,0,0
193.83,3,610,0,0
51.31,4,468,1,0
155.52,2,827,0,0
95.62,3,337,0,0
506.21,2,357,1,0
207.93,5,839,0,0
151.38,1,975,0,0
180.62,1,158,0,0
251.06,0,673,0,0
372.19,7,852,0,0
73.91,3,180,1,0
70.88,3,724,1,0
606.23,6,1072,1,0
132.99,3,923,1,0
48.7,0,213,0,0
313.06,2,1084,1,0
319.24,1,391,0,0
43.46,6,522,0,0
252.67,6,320,1,0
419.12,4,766,0,0
292.06,1,138,1,0
377.88,4,777,0,0
49.32,3,61,0,0
279.67,1,924,0,1
148.41,3,357,0,0
123.94,3,567,0,0
479.69,2,250,1,0
881.71,5,118,0,0
1208.28,5,26,0,0
747.99,4,1072,0,1
179.98,2,150,1,0
285.8,4,63,1,0
432.42,0,563,1,0
226.73,3,1053,0,0
228.91,1,91,0,0
457.76,1,280,0,0
189.29,5,609,1,0
96.86,1,539,0,0
132.7,5,160,1,1
378.61,5,1041,1,1
201.46,5,392,0,0
282.25,3,741,1,0
392.55,7,502,1,0
138.07,3,641,0,0
427.88,2,990,1,1
293.37,2,357,1,0
58.43,4,891,1,0
849.71,4,320,1,0
121.73,3,347,1,0
38.38,1,36,0,0
70.64,5,380,1,0
72.35,1,642,0,0
211.61,4,701,0,0
152.74,3,471,1,0
143.42,1,391,0,1
373.26,2,246,0,0
282.16,4,990,1,0
275.51,1,421,0,0
302.6,1,335,1,0
371.94,8,1030,1,0
24.4,2,697,0,0
139.51,2,929,0,0
22.7,2,426,0,0
208.23,3,471,1,1
199.93,0,799,1,0
571.42,4,1073,1,0
658.67,2,863,1,0
246.01,1,506,1,0
121.78,6,655,1,0
326.28,2,382,1,0
118.47,5,500,0,0
200.58,4,425,1,1
538.46,5,109,1,0
114.99,0,957,0,0
449.56,3,150,0,0
395.44,3,293,1,0
77.31,4,277,1,0
531.91,5,243,0,0
403.89,4,545,0,0
222.41,3,1051,0,0
93.72,4,360,0,1
85.06,1,804,1,0
117.32,5,802,1,0
345.56,2,836,1,0
77.24,2,682,1,0
311.09,3,810,1,0
58.02,2,834,1,0
163.78,3,748,0,0
224.13,3,611,0,0
2316.27,5,100,0,0
50.67,3,556,1,0
875.33,4,825,1,1
233.32,2,375,0,0
303.01,4,273,0,0
226.09,1,651,0,1
313.35,1,145,0,0
172.24,5,787,1,0
859.74,2,1076,0,0
127.24,0,530,1,0
623.17,4,31,1,0
105.45,2,297,1,0
189.11,5,35,1,1
68.76,3,503,0,0
316.59,3,340,1,0
852.11,7,847,1,0
185.9,5,924,1,0
164.96,2,476,0,1
65.89,4,1070,0,0
159.7,3,492,1,0
40.85,4,130,0,0
80.62,7,994,1,0
251.99,4,433,0,0
751.14,4,969,0,0
3333.56,7,804,0,0
111.72,0,1029,0,0
843.77,4,707,1,0
256.3,4,649,1,0
172.66,4,256,0,0
309.57,3,306,1,0
213.68,4,361,1,0
224.3,3,339,0,0
133.52,5,651,0,0
49.62,1,952,0,0
42.9,3,39,0,0
386.0,1,677,0,0
152.3,2,830,1,0
110.66,4,485,0,0
202.57,0,302,1,0
444.75,1,474,1,1
240.56,6,907,0,0
104.22,5,1001,0,0
684.63,6,748,1,0
974.35,1,532,1,0
329.36,2,707,1,1
531.79,4,741,1,0
695.44,3,840,0,0
621.84,1,159,0,0
371.18,3,83,0,0
365.38,4,379,1,0
337.73,2,285,1,0
67.04,1,673,1,0
404.77,2,571,0,0
51.77,5,1005,1,0
90.74,4,851,0,0
739.63,3,162,1,0
465.36,4,929,0,0
888.9,3,844,1,0
153.07,2,419,1,0
63.46,0,64,1,0
157.93,5,869,1,0
222.43,1,212,0,0
217.36,4,241,0,0
624.07,3,515,0,1
139.95,1,91,1,0
285.61,3,437,1,0
74.74,2,270,1,0
315.1,4,58,0,0
201.48,3,989,0,0
94.9,3,286,0,0
158.66,2,596,1,0
167.07,3,894,1,0
153.31,2,527,1,0
1180.78,7,321,1,0
182.02,1,814,1,0
157.38,1,758,0,0
24.66,1,12,1,1
82.14,5,897,1,0
154.39,4,130,0,0
101.16,4,807,1,0
799.74,0,109,0,0
170.31,5,72,1,0
728.53,3,134,0,0
213.64,2,811,0,0
208.47,4,497,1,0
183.79,3,659,0,0
201.62,4,308,0,0
1120.33,2,132,1,0
19.75,8,860,1,0
27.14,2,911,1,0
116.68,3,918,1,0
203.79,2,71,1,0
400.49,0,1012,0,0
322.36,3,593,0,0
136.78,3,215,1,0
556.48,3,218,1,1
562.72,1,551,0,0
241.45,1,661,0,0
525.97,3,54,0,0
263.81,8,543,1,1
114.56,2,263,1,0
403.59,1,1005,0,0
224.35,6,673,0,0
201.12,3,407,1,0
876.15,3,463,0,0
17.32,1,916,1,0
48.66,3,756,1,0
61.28,7,424,1,0
139.68,3,919,1,0
155.71,0,681,1,0
44.49,4,66,1,0
75.0,2,690,1,0
84.92,4,1027,0,0
2344.93,2,945,1,0
1217.22,5,47,0,0
133.06,3,965,0,0
139.63,3,1074,0,0
63.65,3,179,0,0
29.8,2,698,0,0
178.7,1,827,0,0
74.05,0,48,1,1
184.52,2,906,0,0
40.54,1,431,0,0
93.75,1,328,0,0
233.04,5,283,1,0
289.69,1,554,1,0
304.92,4,874,0,1
53.63,2,899,0,0
472.14,0,247,1,0
90.23,6,905,1,0
378.21,0,904,0,0
198.73,5,68,1,0
50.71,3,342,0,0
146.41,4,17,0,0
289.44,1,1083,0,0
370.76,4,517,0,0
174.44,1,296,1,0
929.24,3,979,0,0
550.1,1,750,1,0
155.39,4,1029,0,0
425.26,1,876,1,0
1389.05,2,1046,0,0
1426.63,0,237,0,0
58.83,3,224,1,0
79.52,3,83,1,0
886.7,3,376,1,0
69.71,2,604,1,0
53.52,3,619,0,0
123.52,2,741,0,1
305.76,3,803,1,0
181.31,7,895,1,0
104.8,3,569,1,0
102.35,5,299,1,0
98.52,3,481,0,0
83.35,3,955,1,0
1966.91,4,893,0,0
270.45,3,1002,1,0
487.53,2,591,1,0
123.16,4,853,0,0
166.77,3,452,0,0
98.4,4,9,0,0
14.17,0,814,0,0
50.63,4,96,0,0
32.85,6,695,1,0
21.17,3,1092,0,0
60.78,2,29,1,0
755.62,0,803,0,0
192.13,2,950,1,0
730.08,2,686,0,0
302.95,3,755,1,0
439.28,3,987,1,0
81.59,1,851,1,0
339.18,7,44,1,0
416.26,2,847,0,0
112.84,2,829,1,0
351.47,2,250,0,0
353.81,4,717,1,0
115.94,1,922,1,0
65.35,3,928,0,0
61.46,2,953,0,0
219.0,2,852,0,0
278.55,4,134,1,0
90.93,3,531,1,0
206.27,2,255,0,0
355.36,5,78,1,0
372.7,6,289,0,0
948.1,4,995,0,0
720.23,4,655,1,0
73.8,0,836,1,1
1081.57,3,551,1,0
118.11,0,390,0,0
571.04,6,529,1,0
214.99,4,1077,1,0
133.01,3,314,0,0
32.95,4,341,1,0
169.19,4,927,0,0
42.23,5,406,0,0
528.42,2,989,1,0
915.42,4,1067,1,1
90.53,2,73,0,0
271.66,6,731,0,0
97.24,4,104,1,0
107.14,2,962,0,0
435.75,4,127,0,0
193.26,1,972,0,1
1143.94,1,842,1,0
124.01,1,587,1,0
545.62,0,228,1,0
221.41,2,293,1,0
445.13,2,472,0,0
128.44,4,928,1,0
191.14,1,983,1,1
178.95,0,550,1,0
87.05,2,255,1,1
389.42,2,618,0,0
384.84,1,910,0,0
363.63,3,593,1,0
934.07,2,975,0,0
855.71,4,11,0,0
138.05,3,550,0,0
291.67,5,51,1,0
107.66,3,670,1,0
205.6,2,675,0,0
110.26,4,342,1,0
1015.01,0,870,1,0
288.96,0,1041,1,1
161.51,2,501,1,0
662.62,3,476,0,1
22.92,2,209,0,1
26.8,3,31,1,0
445.16,6,445,1,0
213.38,2,483,0,0
258.02,1,841,1,0
53.31,1,944,1,0
196.24,4,119,0,0
1489.35,1,167,0,0
457.96,7,613,0,0
238.0,1,411,0,0
129.48,3,769,1,0
135.37,3,353,0,1
23.89,2,455,0,0
259.88,0,486,1,0
467.81,2,658,0,0
41.55,1,77,1,1
103.67,1,967,1,0
63.13,6,371,0,0
76.5,6,233,1,0
211.89,2,701,0,0
24.98,3,148,0,0
371.24,4,646,0,0
426.85,2,67,1,0
156.25,0,289,1,0
16.81,5,795,1,0
74.16,4,407,0,0
689.17,4,986,1,1
12.49,5,390,1,0
141.89,6,756,1,1
61.72,2,33,0,0
449.06,6,1069,0,0
102.26,4,674,0,0
300.83,2,775,0,0
353.56,1,356,1,1
1259.93,5,316,1,0
163.96,4,478,1,0
292.55,3,280,1,1
45.49,5,23,0,0
660.5,4,730,1,0
93.89,5,784,1,0
114.64,4,740,1,0
196.44,3,606,1,0
42.09,2,574,0,0
252.49,1,1079,1,0
528.5,4,577,1,0
269.22,0,773,1,0
41.0,2,456,0,0
177.47,5,37,1,0
421.83,4,383,1,0
30.71,2,790,1,0
68.57,4,694,1,0
482.57,3,759,1,0
263.14,4,818,1,0
303.25,0,239,0,0
1289.59,2,890,0,0
320.9,2,782,0,0
387.79,0,337,1,0
3020.96,2,552,0,0
162.19,3,939,0,0
90.44,2,183,1,0
308.09,1,332,0,0
311.56,3,211,0,0
118.61,5,334,0,0
71.54,4,224,1,0
2023.19,2,882,0,0
278.5,4,1085,1,0
96.57,3,1061,0,0
501.96,4,392,1,0
180.09,4,1020,0,0
155.98,2,90,1,0
352.43,4,122,0,0
55.19,2,357,0,0
285.78,2,316,0,0
1360.41,4,1004,0,1
320.14,2,832,0,0
137.88,3,825,0,0
120.96,6,883,1,0
133.25,1,794,1,0
155.81,4,552,0,0
137.66,0,65,1,0
502.15,4,18,0,1
35.49,2,1068,0,0
475.6,5,550,0,0
137.4,5,1043,0,0
292.81,2,35,0,0
65.08,2,696,0,0
758.4,6,308,1,0
698.0,2,399,0,1
524.36,6,719,1,0
44.16,1,542,1,0
460.22,3,148,0,0
301.1,5,1094,1,0
40.34,2,780,0,0
196.03,5,395,0,0
289.2,5,680,0,0
350.25,2,166,1,0
239.81,4,471,0,0
268.76,3,465,1,1
876.73,5,408,1,0
684.45,1,530,0,1
11.42,6,1001,1,0
146.23,5,8,1,0
170.36,3,606,1,0
34.83,5,1030,0,0
220.69,4,973,1,0
700.18,2,982,0,0
67.76,1,452,1,0
281.18,3,621,0,0
80.38,8,651,0,0
102.58,3,917,1,1
880.05,4,1045,1,0
116.75,3,279,1,0
318.87,2,136,1,0
30.92,5,290,0,1
1293.24,0,288,0,0
366.95,1,329,0,0
167.35,2,1003,1,0
357.14,5,236,1,0
49.05,6,462,0,0
655.31,6,392,0,1
145.27,2,298,0,0
163.78,6,215,1,0
122.85,4,1092,1,1
112.39,5,686,0,0
402.32,4,112,0,0
259.43,2,717,0,0
385.42,0,670,0,0
199.1,7,393,0,0
335.55,0,863,0,0
132.12,4,878,1,0
1867.43,5,861,1,1
41.87,6,700,0,0
708.76,3,484,1,0
788.78,6,227,0,0
85.66,4,49,1,0
1866.57,4,1005,1,0
543.52,3,921,1,0
530.45,5,221,1,0
206.56,2,879,0,0
161.64,4,53,1,0
162.91,5,260,1,0
296.82,2,165,0,0
815.48,3,373,0,0
240.78,1,350,1,1
80.73,3,561,0,0
458.07,3,502,0,0
504.58,2,125,1,0
386.54,2,165,1,0
423.3,3,898,0,0
153.19,2,600,0,0
79.33,5,1009,1,0
84.3,0,143,1,0
39.14,3,338,0,0
254.56,2,173,1,0
184.77,5,1011,1,0
129.36,2,174,1,0
10.45,4,877,0,0
57.7,6,211,0,0
616.11,3,797,1,0
103.33,2,499,1,0
288.06,1,1061,1,0
49.99,4,77,0,0
846.65,4,356,0,0
173.91,4,792,0,0
268.44,4,1002,1,0
2055.69,1,590,0,0
915.09,5,108,1,0
147.82,1,689,1,0
110.98,1,523,0,0
145.04,3,848,1,0
334.45,1,604,1,1
180.79,0,983,1,0
135.28,9,135,0,0
871.11,1,683,1,1
179.18,4,807,1,0
2002.55,4,445,1,0
219.93,4,520,0,0
1197.39,3,761,0,0
287.12,9,499,1,0
526.13,3,430,1,0
97.32,7,637,0,0
85.53,4,880,0,1
318.08,7,148,1,0
539.77,3,957,1,0
209.11,3,219,1,0
55.49,1,107,1,0
51.54,2,198,1,0
48.2,6,84,0,0
34.29,7,1042,1,0
224.1,5,320,0,0
618.71,5,846,1,0
198.18,4,200,0,0
20.95,5,579,1,0
165.97,1,467,1,0
170.68,4,722,0,0
1633.67,7,1082,0,1
46.78,4,712,1,0
135.9,4,768,0,0
1105.93,1,288,1,1
315.0,4,134,0,0
352.8,2,95,0,0
225.24,3,329,1,0
279.37,3,608,1,0
437.11,3,67,1,0
89.4,4,288,0,0
483.3,4,691,0,0
50.89,2,956,1,0
278.93,6,1083,0,0
240.16,2,259,0,0
108.45,1,112,1,0
196.35,2,627,1,0
107.77,3,1027,1,0
68.78,4,460,0,0
141.03,3,990,0,0
66.59,3,813,0,0
277.38,5,984,0,0
63.59,2,1041,1,0
409.35,2,118,1,0
61.63,3,451,0,0
114.01,6,55,1,0
107.55,3,49,0,0
755.77,2,520,0,0
279.46,0,724,1,0
162.53,2,970,0,0
330.73,1,142,1,1
24.42,2,37,1,0
192.38,3,115,1,0
1480.45,2,1014,1,0
229.28,3,724,0,0
214.97,3,527,0,0
347.48,6,113,0,1
491.86,3,406,0,0
27.25,2,141,1,0
37.35,3,33,1,0
247.86,2,481,1,0
98.27,4,550,1,1
745.91,1,495,1,0
146.56,2,954,1,0
29.02,2,1000,0,1
56.52,3,134,1,0
12.84,3,303,1,0
158.93,1,549,1,0
166.37,2,439,1,0
131.38,4,477,1,0
590.79,1,775,0,0
665.88,3,197,1,0
169.39,1,905,1,0
23.76,2,290,0,0
372.36,5,382,0,0
350.0,2,243,0,0
273.68,4,691,1,0
535.96,3,761,0,0
62.66,1,683,0,0
1497.18,1,540,1,0
76.95,2,332,1,0
424.88,4,753,0,0
37.16,1,130,1,0
79.23,2,342,0,0
915.03,2,747,0,0
154.73,2,758,0,0
465.22,1,294,1,0
254.56,2,374,0,0
180.84,2,349,0,0
785.59,2,971,1,0
158.53,5,627,0,0
33.85,2,130,1,0
89.96,10,176,1,1
348.55,2,76,0,0
298.3,3,265,1,0
41.91,1,244,1,0
97.34,2,489,0,0
112.27,3,818,1,0
139.37,3,962,0,0
50.74,1,612,0,0
107.15,6,845,0,0
96.93,0,717,0,0
434.47,3,348,0,0
451.11,2,670,1,0
173.6,4,331,0,0
135.71,2,338,1,0
231.02,1,1081,0,0
88.77,2,997,0,0
63.8,3,715,1,1
78.44,6,649,1,0
106.46,4,750,0,0
62.75,2,824,1,1
236.19,2,61,1,0
416.67,3,393,0,0
41.08,3,115,0,0
205.97,2,579,1,0
161.2,2,323,0,0
282.62,6,362,1,0
198.27,4,922,0,0
46.95,4,224,1,0
56.84,1,997,0,0
206.85,2,461,0,0
561.92,7,209,1,0
21.94,2,157,1,0
283.81,3,782,0,0
659.98,2,988,1,0
172.36,5,957,0,0
348.2,4,187,1,0
99.44,1,962,0,0
178.26,0,247,0,0
39.71,6,502,1,0
19.26,2,7,0,0
515.61,1,284,0,0
75.01,1,350,1,0
127.37,3,1047,0,0
50.21,6,305,0,0
49.04,1,303,0,0
168.81,1,300,0,0
96.83,0,277,1,0
293.11,5,591,0,0
315.8,2,226,1,0
276.84,5,318,1,0
254.98,0,583,0,0
972.97,0,828,1,0
69.06,2,118,0,0
190.12,0,382,1,0
623.45,5,625,0,0
711.32,4,1003,1,0
48.46,4,1033,1,0
146.97,1,955,0,0
781.1,3,553,0,0
333.84,2,108,0,0
244.17,1,1057,1,0
161.56,3,681,0,0
136.84,3,991,1,0
267.95,1,1008,0,0
156.06,1,867,0,0
192.48,4,460,1,0
217.28,0,666,1,0
101.95,5,757,1,0
341.97,2,964,1,0
3702.75,3,248,1,0
33.97,4,608,0,0
277.72,3,652,1,0
93.92,2,227,0,0
357.8,6,440,0,0
210.43,2,1013,0,0
430.28,3,18,0,0
650.73,6,550,0,0
243.47,1,667,0,0
623.06,4,994,1,0
19.26,2,311,0,0
985.39,3,431,1,1
292.26,2,88,1,0
590.18,2,368,1,0
59.31,1,1092,0,0
87.52,1,838,1,1
232.41,3,469,0,0
197.46,1,695,0,0
266.57,3,1056,1,1
594.13,4,482,0,0
34.38,5,323,0,0
531.87,2,962,1,0
202.53,5,931,0,0
163.83,3,566,0,0
46.13,4,13,0,0
332.17,3,14,0,0
17.97,3,129,0,0
384.13,4,759,1,0
45.17,6,193,0,0
211.88,3,70,1,0
178.29,3,746,0,0
646.86,5,527,0,0
167.99,2,581,0,0
100.33,4,211,1,0
121.02,4,235,1,0
717.28,4,265,0,0
343.4,2,705,0,0
136.59,1,1072,1,1
158.56,3,1002,1,0
41.91,1,125,1,0
296.21,6,744,1,1
34.56,3,829,1,0
425.98,1,45,0,0
228.42,4,698,0,0
2185.36,6,487,1,0
66.85,5,214,1,0
181.26,2,864,1,0
1213.03,3,1024,0,0
661.15,6,655,1,0
100.12,3,221,0,0
251.28,2,470,0,0
201.26,2,565,1,0
266.28,2,988,1,0
99.87,3,865,0,0
183.69,0,734,0,0
40.63,3,836,1,0
229.91,4,760,0,0
315.01,3,350,0,0
160.0,4,146,0,0
39.95,3,919,1,0
539.76,4,606,0,0
289.2,4,1053,1,0
97.18,8,746,1,0
151.71,0,519,0,0
44.79,5,708,1,0
72.04,2,714,1,0
117.3,1,1074,0,0
686.09,1,399,1,0
105.96,4,417,1,1
381.0,2,388,1,0
117.25,6,119,1,0
257.37,2,514,1,0
174.37,1,488,0,0
480.89,3,216,0,0
117.66,3,892,0,0
41.68,6,755,1,0
50.43,2,265,1,0
118.0,0,182,0,0
57.6,2,677,0,0
302.72,3,6,0,0
126.07,0,166,1,0
2158.55,6,481,0,0
35.33,3,1084,0,0
246.22,2,84,0,0
65.02,1,579,0,0
122.63,2,616,1,1
231.37,2,276,0,1
19.63,3,570,0,0
254.53,8,694,1,0
1346.81,10,151,1,0
127.63,5,1044,0,0
260.45,3,270,0,0
559.76,6,404,1,0
170.48,2,27,0,1
112.35,2,650,1,0
20.63,4,650,1,0
381.3,5,128,1,0
179.36,2,321,1,0
72.96,2,839,1,1
227.96,2,781,0,0
112.05,3,337,1,0
118.41,2,690,1,0
368.29,1,818,1,0
52.68,4,409,1,0
572.44,2,193,0,0
49.65,1,24,0,0
103.53,4,1045,1,0
1374.07,2,351,0,0
620.14,1,882,0,0
221.45,4,356,1,0
78.42,2,780,1,0
118.31,3,364,0,0
216.13,2,665,0,0
208.54,2,1044,0,0
183.41,2,825,1,0
194.76,2,181,0,0
162.1,2,573,0,1
47.49,5,296,0,0
119.83,3,240,1,0
501.3,5,911,1,0
51.12,3,1075,0,0
166.17,3,1013,1,0
88.48,3,918,1,0
224.51,1,513,1,0
136.18,5,576,0,0
880.05,3,591,1,0
333.34,2,806,1,1
54.1,3,58,1,0
393.0,2,905,0,0
92.57,4,884,1,0
112.8,6,1089,1,0
274.9,2,651,1,1
122.83,3,501,1,0
490.51,3,525,1,0
92.58,3,679,0,0
108.16,4,332,0,0
104.19,2,850,1,0
114.09,0,486,0,0
602.92,3,309,1,1
376.67,4,805,1,0
1110.46,3,369,1,0
1939.58,5,89,1,0
71.66,3,572,0,0
215.51,7,555,0,0
61.95,3,319,0,0
92.29,1,38,0,0
106.97,3,521,1,0
69.79,4,845,1,1
70.15,4,877,0,0
173.87,3,231,0,0
59.49,1,471,0,0
466.25,5,989,1,0
80.22,5,377,0,0
3334.75,5,521,1,0
127.89,1,744,0,0
215.85,1,501,0,0
55.0,2,921,1,0
1106.19,1,395,1,0
615.29,1,539,0,1
270.29,1,565,1,0
52.24,7,815,1,0
247.96,2,370,0,0
65.44,2,302,0,0
866.91,3,394,0,1
451.14,5,255,0,0
220.97,2,215,0,0
17.57,1,897,1,0
75.13,5,378,1,0
399.55,3,296,1,0
675.51,4,889,1,1
608.96,6,863,1,0
40.88,1,269,0,0
271.55,2,334,0,0
554.52,1,899,1,1
38.25,1,305,0,0
199.27,3,943,1,0
264.13,3,676,0,0
148.68,2,729,0,0
31.51,2,585,1,0
145.02,1,34,0,0
144.79,6,903,1,0
173.21,4,614,1,0
114.33,6,190,0,0
128.97,4,912,0,0
193.04,1,322,0,0
312.64,3,401,1,0
148.14,4,700,0,1
133.34,3,310,1,0
220.29,5,8,1,0
29.42,3,352,1,0
323.64,2,748,0,0
200.74,2,463,0,0
208.99,4,780,1,0
524.96,1,77,0,0
28.5,1,282,1,0
27.9,4,261,1,0
264.12,3,71,0,0
199.43,2,708,0,0
238.12,4,231,0,0
126.53,5,517,0,0
390.31,5,1084,0,0
510.41,2,271,0,0
325.89,2,214,0,0
154.74,0,1019,1,0
24.41,1,392,0,0
433.47,3,324,0,1
681.51,4,788,1,1
382.66,2,142,1,0
83.34,5,414,0,0
394.01,1,219,0,0
474.91,2,976,1,0
954.7,7,325,1,0
83.64,4,621,1,1
160.15,5,572,1,0
424.05,2,540,0,0
212.72,2,73,1,1
65.71,1,288,0,0
304.05,6,936,1,0
358.26,3,600,1,0
219.32,0,960,1,0
250.18,5,613,1,0
155.07,3,349,1,0
880.83,5,378,0,0
81.61,3,849,0,0
111.64,3,261,1,0
203.07,1,657,1,0
483.74,3,1024,1,0
44.93,2,925,0,1
54.18,1,424,1,1
26.18,0,304,0,0
207.53,7,681,0,0
65.65,2,668,0,1
136.73,3,791,0,0
389.15,1,80,0,0
105.75,5,591,0,0
253.12,2,11,0,0
148.9,2,1085,1,0
393.35,2,957,1,0
323.02,4,810,0,0
100.55,2,323,1,0
169.68,4,817,1,0
570.39,2,488,0,0
297.66,3,710,1,0
49.68,1,254,0,0
386.91,2,520,1,0
67.9,3,960,1,0
824.76,5,208,0,0
559.3,1,421,1,0
268.4,4,320,0,0
235.05,1,196,1,0
162.97,5,435,0,0
395.88,1,666,0,0
138.63,2,60,1,1
254.21,4,225,1,0
480.35,4,894,1,0
114.52,4,286,0,0
108.46,4,368,0,0
60.84,4,737,1,0
69.28,1,817,0,0
32.27,6,1050,0,1
416.72,7,174,0,0
1225.98,1,826,0,0
835.4,6,792,1,1
39.51,2,136,1,0
414.65,5,959,1,0
832.71,6,342,1,0
127.2,4,463,1,0
222.3,1,872,0,0
26.97,1,574,0,0
262.26,5,302,0,0
69.34,3,353,1,0
245.24,2,810,1,0
42.16,2,201,0,0
345.66,3,517,0,0
559.53,4,818,0,0
91.78,3,968,1,0
64.44,1,904,1,0
23.26,4,393,0,0
153.88,2,218,0,0
112.28,2,1023,0,0
42.59,3,654,1,0
315.96,1,446,0,1
128.07,3,987,0,0
68.5,4,795,1,0
115.35,6,522,1,0
586.33,5,214,0,0
367.06,2,90,0,0
176.37,4,581,0,0
373.04,3,126,0,0
62.91,2,340,1,0
207.46,0,746,1,0
232.74,2,14,0,0
125.56,5,1083,0,0
310.46,5,479,1,0
92.03,3,952,1,0
334.42,3,189,0,0
348.78,3,505,0,0
10.86,3,1049,1,0
660.43,4,692,1,0
9.53,5,885,0,1
108.48,1,750,0,0
560.0,2,810,1,1
146.25,3,399,0,0
46.36,1,496,1,0
67.28,1,55,1,0
560.87,2,284,1,0
29.4,4,71,1,0
621.15,5,355,1,0
190.09,1,795,1,0
60.96,3,224,0,0
112.11,4,524,1,0
72.63,2,604,0,0
477.62,6,180,0,0
417.8,2,888,0,0
36.0,4,844,0,0
134.15,1,206,1,0
84.72,4,40,0,0
732.23,2,5,0,0
52.06,1,321,0,0
999.06,1,138,1,0
194.28,2,20,1,1
62.84,5,505,1,0
102.03,2,575,0,0
90.1,1,21,0,0
56.15,4,655,0,0
220.83,2,442,0,0
58.83,2,220,0,1
22.7,3,122,1,0
137.4,4,831,0,0
33.11,2,118,0,0
94.67,0,220,0,0
80.92,4,780,0,0
84.05,2,689,0,1
1485.56,5,1094,0,1
212.51,5,45,1,1
256.71,2,213,1,0
33.99,3,724,1,0
104.44,4,252,1,0
249.11,4,417,1,0
72.1,2,325,0,0
498.02,5,885,0,0
60.33,4,859,0,0
150.84,3,882,1,0
111.78,1,554,1,0
236.73,5,534,1,0
105.86,3,625,0,0
153.19,5,74,1,0
158.61,2,598,1,0
96.37,2,303,0,0
326.25,3,1026,1,0
254.93,4,202,0,0
183.82,6,39,1,0
130.6,1,1054,1,0
445.47,1,173,1,0
158.66,2,567,1,0
147.8,1,419,1,0
223.02,3,295,0,0
1095.73,2,534,1,0
52.57,3,802,0,0
433.74,3,125,1,0
30.25,3,724,1,0
249.6,5,978,0,0
970.36,5,318,1,0
327.42,5,742,1,0
238.22,1,1007,0,0
114.68,3,1020,1,0
207.19,3,709,1,0
156.1,1,1030,0,1
91.52,2,851,1,0
150.31,1,561,1,0
244.93,1,138,1,0
93.26,1,934,0,0
89.68,3,314,0,0
51.54,3,807,0,0
296.87,6,706,1,0
346.51,2,395,0,0
253.22,2,848,1,0
527.29,0,720,0,0
219.3,3,816,0,0
297.26,4,1043,0,0
272.17,2,301,1,0
183.29,3,836,1,0
118.13,1,44,1,0
1838.56,6,777,1,0
127.82,4,171,1,0
103.2,3,243,1,1
310.01,5,214,1,0
258.38,3,910,1,0
49.29,2,409,1,1
617.24,5,427,0,0
182.8,1,396,0,0
66.13,1,683,1,0
659.43,2,1003,1,0
375.5,4,742,0,0
56.72,4,111,1,1
1187.69,2,564,1,0
388.15,4,118,0,0
198.82,2,182,0,0
985.16,3,216,0,0
235.54,3,764,0,0
195.29,3,958,1,1
103.78,6,271,0,0
359.4,2,1031,1,0
323.5,0,291,1,0
203.83,2,337,0,0
91.16,2,139,0,0
228.72,2,52,0,0
187.31,4,679,0,0
52.94,2,446,0,0
46.1,4,129,1,0
353.45,2,618,0,0
14.89,1,378,0,0
246.66,2,430,0,0
124.52,3,974,1,0
743.1,3,442,1,0
122.62,2,496,1,0
388.41,3,752,0,0
135.05,5,979,0,0
225.05,3,808,1,0
419.65,6,540,0,1
126.47,2,335,0,0
544.1,3,196,0,0
74.36,5,136,0,0
269.66,2,831,1,0
505.34,1,807,1,0
388.63,2,387,1,0
1365.16,5,1027,1,0
93.61,1,1058,0,0
50.57,3,680,1,0
74.31,2,287,1,0
388.79,3,555,1,0
330.47,2,900,0,0
222.48,4,555,1,1
65.34,5,541,0,0
432.44,4,583,0,0
59.02,9,922,0,0
640.04,2,450,0,0
3498.27,2,201,1,0
289.76,7,563,1,0
359.85,2,694,0,0
122.7,3,1023,0,0
32.86,2,124,1,0
109.93,3,1032,1,0
67.34,1,882,0,0
47.26,6,778,0,0
1124.33,3,258,1,0
263.87,3,226,1,1
293.62,2,468,1,0
147.46,1,200,1,0
168.97,1,718,0,0
526.97,5,824,1,0
194.46,6,524,0,0
341.48,1,757,1,0
165.1,1,853,1,0
142.66,0,999,0,1
49.19,3,753,0,0
27.79,4,256,0,0
154.63,1,143,0,0
212.53,7,1029,0,0
55.5,2,847,1,0
194.05,4,930,0,0
211.95,5,464,1,0
23.26,2,173,0,0
80.44,2,654,1,0
301.83,3,700,1,0
295.79,3,237,0,0
63.36,2,515,1,0
235.34,2,463,0,0
558.35,3,285,1,1
436.88,5,894,1,0
182.6,3,532,0,0
125.79,6,1014,1,0
107.04,2,2,1,0
320.67,2,1027,0,0
244.13,3,724,0,0
376.9,3,766,0,0
229.17,4,315,1,0
455.48,3,87,0,0
220.78,1,254,1,0
440.22,4,485,0,1
479.82,2,370,1,0
89.84,3,212,1,0
32.93,2,14,0,1
940.19,5,764,0,0
259.63,1,730,0,0
36.17,3,177,1,0
98.37,5,857,0,0
434.61,3,1070,0,0
151.85,3,1094,1,0
120.36,2,213,0,0
815.23,3,468,1,0
70.48,4,58,1,0
90.42,3,14,1,0
248.13,5,923,1,0
296.79,1,1060,1,0
329.95,2,222,0,0
499.61,2,508,1,0
244.98,3,27,0,0
327.66,4,893,0,0
154.99,2,600,0,0
213.85,3,320,0,0
223.66,2,1061,0,0
249.06,1,149,0,0
434.9,5,293,1,0
349.93,1,819,0,0
209.94,2,448,0,0
89.43,3,767,1,0
214.92,3,260,0,0
195.31,7,721,1,0
243.66,3,611,1,0
1824.59,6,52,1,0
118.96,3,354,1,0
306.39,3,326,0,0
584.67,2,647,0,0
221.54,2,480,1,0
2080.64,1,523,1,1
137.63,5,186,0,0
277.74,3,1017,0,0
90.36,1,821,1,0
141.32,5,733,0,0
257.63,5,302,0,0
468.2,4,747,0,0
276.35,0,257,0,0
707.47,2,533,1,0
182.66,2,294,1,0
144.09,1,332,0,0
3000.61,3,711,0,0
297.92,3,344,1,1
97.82,2,799,0,0
100.32,3,552,0,0
78.25,5,1074,1,0
512.43,6,210,1,0
139.52,4,1034,0,0
228.14,1,145,0,0
188.5,1,602,0,1
417.41,0,408,0,0
86.13,2,824,1,0
68.51,3,143,1,0
251.36,0,279,0,0
366.33,2,253,0,0
280.09,2,1008,1,0
89.4,2,586,1,0
395.47,2,180,1,0
95.46,2,865,1,0
119.23,1,313,1,0
78.15,2,246,1,0
737.85,4,541,0,0
378.42,3,867,1,0
367.81,6,919,0,0
699.1,1,18,0,0
3345.04,7,983,1,0
36.36,5,1091,1,0
95.99,5,352,0,1
108.46,4,566,1,0
85.78,4,412,0,0
68.37,3,521,1,0
148.85,4,714,0,0
59.5,3,712,1,0
280.8,4,520,0,0
211.51,3,520,1,0
324.93,2,535,0,0
333.72,4,447,1,1
367.08,4,135,0,0
138.27,2,406,0,0
1675.27,2,783,1,1
253.92,2,1070,0,0
31.19,2,890,1,0
73.72,0,943,0,0
35.24,3,857,1,0
204.37,7,550,0,1
177.82,5,747,0,0
125.73,4,916,1,0
1500.44,1,244,1,1
347.78,6,164,0,0
415.17,2,292,0,0
79.16,3,580,0,0
73.95,3,861,1,0
208.39,3,493,1,0
238.79,3,1076,0,0
31.38,5,356,1,0
167.72,1,506,1,0
203.7,4,1005,1,0
161.97,4,187,0,0
89.05,1,911,0,0
117.1,3,166,1,0
168.3,3,993,0,0
219.95,7,354,0,0
367.74,3,695,0,0
591.96,4,779,0,0
149.64,1,412,0,0
127.29,4,603,0,0
311.14,1,828,0,0
369.97,4,959,0,0
130.11,5,119,1,1
442.74,4,543,1,0
534.95,6,934,0,0
730.9,6,609,1,0
1189.05,2,32,0,0
84.45,2,138,1,0
203.67,8,896,1,0
203.13,2,464,0,0
182.09,6,771,0,0
104.93,4,977,1,0
45.47,0,97,0,0
220.36,3,498,1,0
93.15,8,161,0,0
218.89,2,922,1,0
90.79,2,495,0,0
66.88,3,960,0,0
253.89,2,329,1,0
233.58,4,159,1,0
358.48,0,949,0,1
1787.28,10,671,0,0
265.04,2,211,0,0
326.25,4,760,1,1
68.38,5,457,1,0
55.46,3,52,1,0
977.91,5,285,1,0
79.77,8,821,0,0
70.71,0,140,0,1
193.15,5,370,1,0
183.53,2,285,1,0
81.46,1,802,0,0
148.06,3,941,0,1
686.74,8,862,0,0
89.71,2,783,0,0
49.84,3,98,1,0
515.52,1,1001,1,1
328.61,3,178,1,1
107.99,1,444,0,0
41.28,4,906,0,0
95.39,0,264,0,0
190.16,4,238,1,0
644.36,1,29,1,0
71.24,5,392,0,0
184.58,5,542,0,0
394.54,1,512,1,0
18.57,1,44,0,0
564.74,3,225,0,1
61.57,4,5,0,0
279.94,7,247,0,0
257.05,5,662,1,0
594.17,4,10,1,0
348.46,4,181,0,0
18.64,2,596,1,0
91.63,7,613,1,0
230.62,3,981,1,1
165.27,5,628,0,0
323.82,3,1013,0,0
442.28,3,792,1,1
369.09,5,603,1,0
162.12,4,420,0,0
31.7,6,122,0,0
127.37,7,772,0,0
304.59,2,1027,1,0
67.5,3,401,0,0
377.61,2,389,0,0
498.19,3,107,0,0
228.02,4,654,1,0
9.38,1,340,0,0
55.95,4,12,1,0
1324.48,2,9,0,0
116.29,4,368,0,0
27.62,1,506,1,0
690.79,3,501,1,0
203.56,2,810,1,0
606.39,4,578,0,0
264.95,2,859,0,0
317.71,5,325,1,0
288.76,2,254,1,0
403.46,9,591,1,0
1958.66,3,116,1,0
530.38,3,837,0,0
41.36,2,203,1,0
313.95,1,1002,1,0
628.96,5,1077,0,0
668.67,2,589,0,0
131.1,3,342,0,0
643.89,4,371,0,0
507.92,3,470,1,0
2630.96,4,525,0,0
94.88,7,83,1,1
120.93,3,217,0,0
147.89,2,864,1,0
123.02,1,58,1,0
82.48,0,491,1,0
12.68,1,958,0,0
130.05,4,96,1,0
290.6,3,1013,1,0
122.65,1,518,1,0
1391.26,3,464,0,0
203.56,2,781,0,0
730.42,4,851,0,0
260.87,2,518,0,0
458.97,8,91,1,0
265.56,2,1060,1,0
789.48,2,10,0,1
212.41,5,954,1,0
329.87,1,475,0,0
289.72,3,564,0,0
150.55,1,837,1,0
301.14,4,1029,0,0
1876.14,2,165,0,0
153.27,2,888,1,0
305.53,6,724,0,0
706.53,2,403,0,0
628.19,2,466,0,0
203.22,4,844,1,0
18.53,4,154,0,0
336.73,1,554,0,0
21.83,1,791,0,1
873.51,5,590,0,1
237.95,3,490,1,0
545.8,3,570,1,0
81.49,2,560,1,0
42.52,6,880,1,1
260.69,3,899,1,0
194.22,3,1005,1,0
122.86,5,79,0,0
218.6,3,350,0,0
3197.17,0,960,0,1
462.71,1,703,0,0
573.69,4,413,1,1
467.09,5,688,0,0
881.87,3,507,0,0
166.09,3,971,1,1
25.73,4,611,0,1
166.33,2,490,0,0
452.29,6,683,0,1
76.16,8,209,1,0
168.38,0,844,0,0
100.57,2,223,1,0
902.0,2,26,1,0
424.98,5,57,0,0
385.34,1,73,1,0
373.97,4,111,0,0
193.51,7,56,1,0
244.73,2,330,1,0
61.4,1,1052,0,0
22.56,1,113,0,0
233.38,4,740,0,0
277.71,2,953,1,0
673.07,7,886,0,0
966.73,4,397,0,0
965.44,2,58,0,0
74.04,1,404,0,0
141.22,1,659,0,0
324.71,5,829,0,0
2526.25,6,156,1,1
882.43,3,330,0,0
615.22,5,659,1,0
136.29,7,783,1,0
83.05,2,341,1,0
442.08,1,900,1,0
66.81,3,878,0,0
158.25,5,395,0,0
179.08,4,587,0,1
987.82,0,523,1,0
140.88,5,732,0,1
17.52,6,353,0,0
332.63,6,361,0,0
99.84,2,463,1,0
209.6,2,237,1,0
184.17,3,636,1,0
152.76,2,1049,1,0
442.71,1,383,1,0
43.37,2,942,0,0
119.77,2,508,1,0
398.07,2,182,0,0
108.69,3,543,0,0
40.2,6,547,0,0
391.95,4,27,0,1
617.5,4,525,1,0
192.02,6,180,0,1
28.27,1,870,1,0
406.89,3,593,1,0
38.19,3,333,0,0
273.52,1,3,0,0
82.69,2,625,1,0
62.98,3,771,1,0
129.11,3,464,0,0
167.22,3,991,0,0
105.46,1,215,0,1
361.87,5,826,0,0
128.58,7,543,0,0
535.27,4,344,1,0
266.07,6,316,1,0
99.99,3,493,1,0
84.49,1,89,0,0
38.67,2,712,0,0
268.63,2,448,1,0
140.89,4,745,1,1
18.73,3,564,0,0
117.55,4,1070,1,0
81.58,7,91,1,0
970.94,4,540,0,0
36.59,2,587,0,0
47.52,2,273,1,0
609.45,3,736,1,0
780.04,1,397,0,0
95.35,3,836,1,0
106.75,1,1010,1,0
371.97,4,934,0,0
19.6,6,693,0,1
31.23,5,786,0,0
151.69,4,946,1,0
946.22,0,1073,0,0
129.91,1,793,0,0
222.19,2,999,0,1
624.14,1,1057,0,0
1651.55,2,193,0,0
112.81,5,549,1,0
197.5,2,392,0,0
1242.2,3,1040,0,1
43.83,1,814,0,0
561.25,2,970,1,0
72.55,5,383,1,1
222.53,4,923,1,0
157.59,1,89,0,0
77.06,2,1028,0,0
75.15,7,252,0,0
264.81,4,575,0,0
543.55,1,784,1,0
176.42,3,813,1,0
215.44,4,233,0,0
355.58,3,608,0,0
76.02,2,581,0,0
420.85,2,850,0,0
455.74,5,352,0,0
2714.09,2,836,0,0
137.89,3,675,1,0
127.04,2,830,0,0
433.35,1,958,1,0
455.63,1,469,1,1
117.62,5,473,0,0
134.21,2,872,1,0
345.06,5,856,0,0
87.79,3,959,1,0
133.23,3,603,1,0
219.68,1,697,1,0
543.77,8,65,1,0
109.73,2,498,0,0
31.82,5,270,0,0
29.55,7,934,1,0
57.01,3,134,1,0
54.02,4,852,1,0
172.08,3,916,0,0
61.17,3,514,0,0
99.47,4,732,1,0
92.62,5,635,1,0
129.29,1,754,0,0
753.77,7,751,0,0
389.37,5,277,0,0
204.12,2,754,0,0
126.67,1,987,0,1
130.24,4,341,0,0
278.75,3,336,1,1
360.23,6,321,0,0
81.04,5,998,1,0
208.32,3,971,0,0
26.34,4,381,1,0
248.22,1,1026,0,0
430.41,4,834,1,0
151.79,3,440,0,0
1235.35,3,903,1,0
83.21,2,1000,0,0
249.64,3,951,0,0
193.79,5,515,0,0
181.69,4,238,1,0
179.16,1,183,0,0
223.56,3,906,0,0
468.97,3,802,1,1
796.58,2,776,0,0
200.4,1,51,1,1
453.91,3,1057,0,0
99.57,3,125,0,0
432.05,3,636,1,0
93.75,2,1030,0,0
597.79,4,265,1,0
1832.11,3,567,0,0
177.77,1,920,1,0
22.42,2,292,0,0
116.11,4,112,1,0
688.46,5,526,0,0
349.21,2,870,1,0
257.62,1,633,0,0
550.73,3,485,1,0
326.05,2,699,0,0
678.79,5,57,0,0
503.71,2,381,1,0
919.92,3,961,1,1
287.55,4,424,0,0
496.63,2,1056,0,0
147.74,1,602,0,0
110.07,3,1022,1,0
1106.94,2,686,0,0
249.33,2,459,1,0
449.2,4,1008,1,0
227.31,4,296,1,0
111.73,4,430,1,0
203.07,1,791,0,0
844.36,3,957,1,0
349.96,3,212,0,0
36.27,3,1087,1,0
161.96,3,472,0,0
1193.78,5,371,1,0
162.19,5,141,0,0
33.19,2,30,0,0
1333.6,3,610,0,0
397.41,1,662,1,0
187.27,2,103,1,0
138.54,2,989,0,0
592.85,2,596,0,0
116.82,0,59,1,0
633.23,1,921,1,0
345.43,0,216,0,0
256.54,1,737,0,0
232.32,2,740,0,0
168.61,7,887,0,0
571.48,3,886,0,0
84.54,3,1079,1,0
39.67,2,95,0,0
371.31,3,400,0,0
377.6,1,398,1,0
324.68,2,412,1,0
301.97,2,262,0,0
145.77,4,256,1,0
441.45,5,1056,0,0
191.91,1,984,1,1
123.4,1,747,0,0
147.04,3,608,0,0
1515.08,3,521,1,0
35.43,4,747,0,0
331.08,2,944,1,0
37.47,4,467,0,0
180.25,3,589,1,0
130.19,4,998,1,0
24.97,4,997,0,0
296.37,1,252,1,1
137.35,4,262,0,0
24.62,6,224,1,0
465.05,2,30,0,0
843.53,5,760,0,0
891.33,3,470,0,0
287.59,3,35,0,0
210.32,1,224,0,0
758.04,2,583,0,0
1080.27,3,915,1,1
624.0,5,726,0,0
78.34,2,584,0,0
245.66,3,204,1,1
311.72,2,316,0,0
32.88,4,856,1,1
321.16,3,847,1,0
1949.98,3,950,0,0
380.89,4,577,0,0
876.55,6,299,1,0
241.17,4,551,0,0
186.67,5,981,0,0
294.08,3,198,1,0
88.83,3,927,0,0
76.62,4,1089,1,0
712.58,3,897,0,0
792.29,1,721,1,0
74.55,1,448,1,0
528.79,1,936,1,0
184.13,4,176,0,0
282.14,3,832,0,0
318.24,1,440,0,0
542.91,2,551,1,0
218.18,2,507,0,0
822.83,4,11,1,0
273.69,5,1080,0,0
374.94,2,730,0,0
87.3,6,657,1,0
1739.31,1,111,1,0
321.31,3,853,0,0
409.76,1,1052,1,1
40.22,4,892,0,0
88.22,2,273,1,0
692.61,5,199,0,0
267.6,5,402,0,0
29.63,1,25,1,0
567.29,4,604,0,0
116.61,4,502,0,0
823.78,6,550,1,0
183.97,3,1084,0,0
246.48,3,717,1,0
652.98,6,457,0,1
81.87,3,858,0,0
74.42,3,405,0,0
165.02,2,829,0,0
459.32,2,1021,1,0
53.08,3,994,0,0
37.88,3,568,1,0
457.74,3,515,0,0
109.9,0,435,1,0
135.69,3,585,1,0
31.37,2,1025,1,0
101.86,3,957,1,0
199.34,2,664,0,0
509.26,2,309,1,0
92.88,4,412,0,0
1053.59,3,270,1,0
101.29,1,205,0,0
101.44,4,10,1,0
934.44,2,847,1,0
248.15,5,808,1,0
115.65,1,196,1,0
171.99,2,753,0,0
777.17,3,181,1,0
870.26,3,303,0,0
88.75,2,283,0,0
192.51,6,143,1,0
219.81,6,798,0,0
74.91,2,47,0,0
189.98,3,444,0,0
201.93,1,534,0,0
628.16,4,632,0,0
671.83,2,212,0,0
144.51,4,516,1,0
162.17,3,868,1,0
390.29,2,410,1,0
111.88,4,1040,0,0
361.85,3,471,0,0
183.95,2,850,1,0
76.19,5,125,0,0
77.15,2,932,0,0
853.75,2,525,0,0
171.77,4,1084,1,0
1035.81,5,767,1,0
120.17,5,811,1,0
268.75,5,163,1,0
2197.91,3,621,1,0
69.77,1,808,1,0
30.11,4,887,1,0
727.18,1,412,0,0
87.86,4,617,1,0
196.74,3,190,0,0
111.8,4,474,0,0
262.63,2,521,0,1
77.64,3,36,0,0
167.78,1,1003,1,0
314.95,3,704,1,0
73.28,0,201,0,1
99.73,7,982,1,0
141.91,2,757,1,0
48.12,1,759,1,0
131.63,8,1021,0,0
226.19,1,443,1,0
134.7,4,389,0,0
153.12,3,675,1,0
196.9,5,973,0,0
104.26,4,890,1,0
400.87,4,861,1,0
844.35,5,837,1,0
126.24,2,39,0,0
326.29,3,538,0,0
158.06,5,390,1,0
289.48,4,396,1,0
961.38,6,937,0,0
334.03,1,435,1,0
34.1,4,916,1,0
316.27,7,994,1,0
689.14,4,498,1,1
160.93,3,186,0,0
543.6,4,765,0,0
100.73,2,945,1,0
45.47,1,445,1,1
231.31,1,214,1,0
34.68,3,570,0,0
158.03,2,1074,0,0
727.36,4,566,1,0
29.75,2,491,0,0
55.87,1,482,0,0
71.56,1,803,1,0
188.53,2,374,0,0
139.33,5,798,1,0
813.81,2,1080,0,0
521.62,2,846,1,0
329.59,4,1016,1,0
232.34,3,864,1,1
297.62,1,923,0,0
84.83,3,43,0,0
473.33,2,387,1,0
66.06,5,300,0,0
463.11,6,945,1,0
657.69,1,252,1,0
248.01,4,1059,0,0
168.41,4,765,0,0
299.73,1,136,0,0
11.49,2,748,0,0
271.74,1,375,1,0
179.33,2,325,0,0
190.94,3,1088,0,0
407.12,5,869,0,0
186.39,3,836,1,0
64.22,1,341,0,0
174.37,5,725,0,1
214.89,3,376,1,0
225.32,1,660,0,0
236.16,6,437,0,0
567.9,8,667,0,1
67.8,3,815,1,0
239.44,2,345,1,0
729.61,3,13,0,0
35.44,6,106,1,0
240.38,8,992,1,0
111.86,3,1050,1,0
138.64,3,758,0,0
81.27,1,118,0,0
169.53,0,642,0,0
1266.28,3,474,0,0
56.72,1,260,0,0
62.36,1,415,0,0
54.63,1,860,1,0
1130.03,6,1091,1,0
126.5,2,955,1,0
195.77,2,223,1,1
134.26,3,549,1,0
78.11,4,578,1,0
158.77,3,320,0,0
2346.85,7,476,0,1
808.08,5,417,0,0
85.6,1,77,0,0
383.81,4,456,1,0
87.45,2,399,1,0
34.0,3,335,0,0
556.74,3,672,0,0
640.77,3,780,1,0
571.71,3,52,1,1
125.55,1,375,1,0
170.0,1,34,0,0
425.11,1,899,1,1
297.1,3,1015,0,0
135.5,4,508,0,0
39.79,2,1034,0,0
225.08,1,689,0,0
590.87,4,951,1,0
60.64,1,1038,0,0
380.45,8,643,1,0
279.81,0,488,1,0
425.27,0,812,1,1
480.37,4,187,1,0
100.3,1,325,0,1
39.87,5,602,0,0
117.81,2,221,0,0
488.68,4,544,1,0
116.81,3,937,1,0
100.34,3,857,0,0
32.5,6,976,1,0
1158.91,4,942,0,0
458.66,4,364,1,0
433.76,4,780,0,0
528.64,2,407,1,0
357.56,4,1063,1,1
157.32,2,194,1,0
170.51,1,295,0,0
130.98,3,1031,0,0
2799.86,1,262,0,0
350.2,2,678,1,0
126.32,3,319,0,0
319.92,1,312,0,0
73.09,3,734,0,0
904.24,5,870,0,0
103.7,1,255,0,0
331.51,3,1076,0,0
583.22,6,97,0,0
295.11,1,110,0,1
220.76,2,1070,1,0
203.04,3,61,0,0
189.83,2,345,1,0
112.83,3,133,0,0
128.14,7,244,0,0
881.99,5,81,0,0
180.2,4,393,1,0
91.54,2,324,1,0
119.86,3,174,1,0
603.63,1,787,0,0
394.73,5,40,1,0
351.75,2,519,1,0
155.25,3,335,0,0
356.36,1,712,0,0
105.53,4,370,1,0
154.93,4,518,1,0
529.74,4,888,1,0
481.48,3,158,0,0
75.24,0,477,0,0
85.38,3,615,1,0
223.92,6,807,1,0
1128.58,1,588,0,0
29.58,4,805,0,0
265.32,2,871,1,0
50.73,5,864,1,0
106.51,2,674,0,0
139.51,5,1005,1,1
131.9,4,25,1,0
117.78,3,546,0,0
202.31,7,878,0,0
117.6,4,114,0,0
46.53,2,896,0,0
438.1,1,43,1,0
426.43,0,861,0,0
466.73,4,205,0,0
43.03,5,731,1,0
270.83,3,908,1,0
394.87,2,891,0,0
71.62,1,629,1,0
202.71,4,994,0,1
178.81,5,154,0,0
1267.42,2,259,0,0
1376.2,5,146,1,0
38.02,4,788,1,0
2432.1,7,976,1,1
80.43,6,1018,1,0
535.53,1,569,1,0
530.11,2,145,0,0
74.21,4,189,0,0
328.93,2,686,0,0
180.38,4,982,0,0
349.64,2,1081,1,0
252.97,2,789,0,0
664.43,2,964,0,0
216.59,4,523,1,0
169.82,2,215,1,0
601.03,2,509,0,1
358.88,1,109,0,0
417.55,4,736,0,0
103.34,3,361,0,0
70.62,3,371,0,0
113.85,5,4,0,0
107.96,5,1094,1,0
440.89,1,468,0,0
533.03,2,859,0,0
171.99,2,569,0,0
840.09,4,702,1,0
789.23,1,512,0,0
256.21,3,753,0,1
88.3,2,219,0,1
970.65,1,1090,1,0
188.97,0,469,0,0
227.86,2,12,1,0
143.02,2,1043,0,0
82.5,7,25,1,0
46.24,3,517,1,0
378.21,3,859,1,0
91.76,1,406,1,0
4281.75,3,230,0,0
67.8,0,264,1,0
57.12,3,750,0,0
334.53,7,628,1,0
926.95,3,551,0,0
214.26,3,563,0,0
355.96,0,349,0,0
31.79,0,1023,1,0
102.01,1,254,1,0
68.65,2,917,1,0
30.19,3,850,0,0
225.78,4,8,0,0
21.32,5,188,1,0
53.54,3,605,1,0
117.38,3,174,0,0
87.47,1,933,1,0
298.57,4,484,1,0
272.64,6,916,1,0
490.97,5,131,1,1
426.23,3,27,1,0
628.54,5,702,1,0
200.47,4,878,1,1
272.07,3,1086,0,0
334.99,3,862,1,0
231.42,2,819,1,0
135.02,3,64,1,0
144.05,2,660,1,0
88.68,2,781,0,0
306.19,2,432,0,0
182.83,3,1094,1,0
103.48,3,1081,1,0
103.58,4,937,1,0
59.87,5,963,1,0
534.55,7,622,1,0
217.28,3,898,0,0
84.76,3,78,1,1
450.85,4,252,0,1
114.68,5,727,1,0
49.21,4,136,0,0
557.69,4,890,0,1
117.39,5,195,0,0
133.44,2,383,0,0
209.3,2,284,1,0
629.66,1,593,0,0
204.92,4,90,1,0
60.55,5,889,0,0
346.01,3,972,0,0
123.67,4,818,0,0
1326.78,9,203,1,0
200.63,6,318,1,1
21.49,2,248,1,1
287.13,4,659,0,0
1404.14,5,972,0,0
971.17,3,962,1,0
1253.31,3,1049,1,0
72.44,1,755,0,0
500.06,3,243,1,0
97.57,3,436,1,0
251.36,1,322,0,0
56.24,4,70,1,0
105.44,4,876,0,0
102.14,6,633,0,0
493.31,1,1062,1,0
447.33,2,921,0,0
264.91,0,711,0,0
52.05,3,48,0,0
147.08,3,485,0,0
95.25,2,520,1,0
479.27,1,738,1,0
652.47,5,621,1,0
577.65,0,854,1,0
94.38,3,25,1,0
12.98,5,124,1,1
34.32,4,1043,1,0
832.32,1,477,0,0
134.47,1,901,1,0
94.81,7,938,1,0
1038.2,2,132,0,0
711.76,5,772,1,0
205.83,3,191,1,0
149.78,6,169,0,0
176.0,6,268,1,0
252.08,3,827,0,0
994.89,6,102,0,0
306.45,1,731,0,0
415.14,4,418,1,0
646.68,2,290,1,0
62.36,5,263,1,0
427.28,1,377,1,1
149.61,2,382,0,0
16.22,4,344,1,0
23.91,2,567,0,0
72.56,4,1087,0,0
341.66,1,494,0,0
225.06,4,201,0,0
241.52,2,670,1,0
1413.08,4,908,1,0
56.46,5,657,0,0
195.42,0,581,0,0
272.33,2,732,0,0
96.19,5,964,0,0
206.63,5,84,1,0
40.55,2,1075,1,0
822.62,2,978,1,0
101.59,4,1052,1,0
1531.47,0,546,1,0
194.44,3,935,1,0
561.52,4,90,0,0
190.43,4,453,0,0
194.77,3,963,1,0
112.01,0,297,1,0
226.27,2,836,0,0
276.05,0,350,1,0
91.68,3,645,1,0
177.25,4,715,1,0
109.12,5,961,0,0
2002.7,2,374,0,0
183.62,4,862,0,0
941.82,4,476,0,0
165.17,3,431,1,0
260.31,2,88,0,0
53.58,4,84,1,0
128.45,4,844,1,0
247.92,4,115,1,0
981.02,5,122,1,0
250.78,2,203,0,0
801.36,2,369,1,0
381.2,4,179,0,0
1022.48,1,646,1,0
189.34,1,900,1,0
2192.52,4,582,0,0
123.62,2,728,0,0
93.33,7,978,0,0
59.89,3,979,0,0
2066.5,3,721,0,0
455.79,4,75,1,0
143.81,2,864,1,0
700.37,3,829,0,0
399.53,3,332,0,0
1434.7,4,178,0,0
42.72,2,145,0,0
154.04,2,303,0,0
126.48,3,814,1,0
27.91,3,1035,0,0
579.93,1,169,1,0
153.27,4,454,0,0
420.82,5,913,1,0
2126.76,2,94,0,0
141.08,3,1032,0,0
131.82,3,20,1,1
226.16,6,310,1,0
539.06,1,36,1,0
113.96,3,833,0,0
106.87,2,468,1,0
578.12,3,479,1,0
293.31,2,598,0,0
25.99,5,328,1,1
58.98,3,829,0,0
901.28,2,472,0,0
300.22,3,871,0,0
93.73,3,708,0,0
169.39,3,739,1,0
203.53,4,1081,0,0
419.19,3,555,0,0
51.64,4,329,0,0
86.63,4,797,1,0
263.89,0,773,1,0
181.77,3,529,0,0
355.83,0,367,0,0
58.74,3,1018,1,0
287.07,7,276,0,1
598.35,5,87,0,0
326.82,2,692,1,0
230.83,3,89,1,0
182.49,3,833,1,0
87.16,1,922,0,0
186.9,3,785,1,0
707.89,4,259,0,0
178.32,2,1032,1,0
82.5,1,97,0,0
122.77,3,118,0,0
245.53,0,333,1,0
138.25,3,592,0,0
326.32,7,778,1,1
338.81,1,319,1,0
488.61,1,1002,0,0
833.93,1,894,1,0
543.73,3,253,0,0
78.91,7,68,0,1
81.37,4,768,0,0
186.2,0,193,1,0
127.92,6,309,1,0
64.34,0,845,1,0
129.14,2,207,1,1
124.97,4,388,0,1
102.59,2,1015,1,0
146.47,2,746,1,0
652.65,4,679,0,0
245.14,3,1093,0,0
2378.9,1,843,0,0
238.2,4,504,1,1
150.28,3,727,1,0
201.69,2,584,0,0
259.58,1,398,0,0
310.39,3,1068,1,0
1602.46,3,650,1,0
86.25,4,817,1,0
474.2,3,449,1,0
247.23,1,216,0,0
41.74,2,134,1,1
434.1,4,880,1,0
713.52,3,571,0,1
85.23,2,565,0,0
199.07,4,133,1,0
35.77,6,862,0,0
57.04,2,289,1,0
572.84,3,655,0,0
125.99,4,384,0,1
66.27,2,249,1,0
252.66,4,179,1,0
119.12,3,891,1,0
125.43,4,104,0,0
420.7,3,3,0,0
62.86,3,336,1,0
81.22,1,972,1,0
234.31,4,769,1,0
529.53,6,896,1,0
692.8,3,224,0,0
103.29,3,1062,0,0
512.84,4,129,0,0
91.69,2,39,1,0
1247.37,3,522,1,0
64.64,2,479,0,1
758.29,1,319,1,0
104.18,2,186,1,0
1503.92,0,352,0,0
362.82,2,410,1,0
72.72,4,658,1,0
119.15,2,394,1,0
438.68,2,268,1,1
575.49,4,654,0,0
187.14,2,638,1,0
210.03,3,479,0,0
428.78,3,121,1,0
229.15,3,1057,1,0
55.1,3,569,1,0
89.09,3,304,1,0
254.09,1,795,1,0
677.27,1,459,1,0
1010.87,3,180,0,0
437.95,1,767,1,0
267.7,3,102,0,0
424.71,4,303,1,0
103.11,1,725,0,0
172.32,9,792,0,0
88.1,4,1085,0,0
57.62,5,776,0,0
280.38,2,254,1,0
241.8,4,780,0,0
399.51,3,823,0,0
346.78,3,739,0,0
256.01,1,817,1,0
350.44,1,895,1,1
192.46,2,622,0,0
303.53,4,1089,0,0
97.17,3,705,1,1
290.7,5,61,0,0
391.9,4,189,1,0
102.81,3,544,0,0
211.54,0,477,0,0
107.66,0,890,1,1
118.64,6,736,0,1
65.21,4,1,0,0
712.2,3,499,1,0
583.05,8,597,0,1
343.79,2,1073,0,0
1443.44,1,722,1,0
166.22,3,198,1,0
4164.48,4,210,0,1
159.98,2,346,0,0
259.25,4,439,1,0
134.94,3,119,0,0
291.46,6,864,0,1
463.22,3,75,1,0
179.23,4,73,1,0
1187.14,0,140,0,0
255.12,4,148,0,0
263.24,3,618,0,0
80.93,4,895,0,0
305.24,3,1032,0,1
175.66,1,886,0,0
109.33,3,751,0,0
92.4,2,646,1,0
2905.46,2,339,0,0
154.33,1,456,1,0
46.79,1,955,0,0
99.92,4,116,0,0
190.76,5,903,1,0
346.97,3,888,1,1
349.81,7,63,0,1
395.12,2,265,0,0
105.4,3,340,0,1
282.32,4,1000,1,0
83.64,2,481,1,0
108.09,2,849,1,0
80.23,1,658,0,0
61.2,3,89,0,0
582.19,4,730,0,0
399.89,2,696,0,0
533.39,3,953,0,0
208.91,2,1008,1,0
436.76,2,643,0,0
34.51,3,962,1,0
476.12,4,153,1,0
239.78,6,672,1,0
376.04,1,632,1,0
293.71,3,189,0,0
74.85,2,590,0,1
44.9,5,745,1,1
98.55,3,455,1,1
353.37,3,729,0,0
400.49,5,816,1,0
51.14,1,645,1,0
75.3,6,436,0,0
97.45,4,291,1,0
140.51,3,723,0,0
51.45,6,985,1,0
48.45,3,506,1,0
88.3,3,550,1,0
218.95,4,998,0,1
61.68,0,326,1,0
178.89,3,884,1,0
578.9,5,280,0,0
54.64,5,283,1,0
163.39,5,308,1,1
559.67,4,58,0,0
132.2,8,505,0,0
113.17,4,387,1,0
642.96,2,253,0,0
147.88,3,828,1,0
606.12,2,567,0,0
308.45,1,215,0,0
142.56,4,211,0,0
324.5,7,886,1,0
276.73,3,297,0,0
557.5,1,432,0,0
116.08,7,131,1,0
209.3,5,880,1,0
188.87,3,391,0,0
406.15,2,772,0,1
72.05,4,445,0,0
555.33,4,877,1,1
320.19,2,442,0,0
53.82,4,980,1,0
672.4,1,794,1,0
1875.59,1,527,1,0
546.98,3,529,1,0
836.79,4,679,0,0
218.76,5,759,1,0
38.13,4,773,0,0
31.77,7,37,1,0
259.22,3,290,0,0
111.12,4,478,1,0
80.48,1,588,1,0
188.64,4,99,0,0
371.73,2,219,0,0
46.98,2,506,1,0
128.21,6,490,1,0
909.1,1,674,0,1
68.53,2,77,0,0
479.31,3,872,0,0
123.7,3,330,1,1
346.67,3,602,1,0
601.79,3,1037,0,0
421.52,3,416,0,0
498.57,3,344,0,0
63.5,7,290,1,1
611.7,1,714,1,0
85.62,5,1048,0,0
260.38,5,613,0,0
260.04,9,217,1,0
326.26,0,1036,1,0
281.33,4,47,0,0
86.38,3,449,1,0
52.08,5,138,1,0
480.55,2,37,1,1
241.87,1,1092,1,0
633.94,2,93,0,0
192.07,3,992,0,0
49.28,0,597,0,0
527.8,3,351,0,0
138.69,0,944,1,0
282.76,2,5,1,0
105.12,4,756,0,0
1039.91,3,840,0,0
83.6,3,399,1,0
143.33,1,329,0,0
223.64,0,11,0,0
67.38,2,25,1,1
279.53,6,49,1,0
1006.76,0,500,1,0
122.99,1,581,0,0
298.19,2,465,0,0
12.85,5,769,1,1
193.19,2,396,0,0
146.87,4,865,1,0
88.6,5,715,0,0
592.31,3,1026,1,0
144.94,3,795,1,0
168.19,2,141,0,0
137.74,2,612,0,0
29.54,1,720,0,0
64.75,4,16,0,0
525.15,2,49,1,0
24.35,4,25,0,0
93.34,5,188,0,0
134.68,2,965,1,0
1148.49,4,263,0,0
433.2,2,204,0,0
115.06,2,489,1,0
740.33,0,436,1,0
95.78,1,1087,0,1
550.97,2,114,0,1
51.61,5,920,1,0
587.48,3,251,1,0
133.81,2,340,0,0
71.81,3,531,0,0
161.65,5,1068,0,0
265.05,5,258,1,0
122.47,4,377,1,0
349.51,1,722,1,0
112.12,0,734,1,0
373.51,1,402,0,0
312.56,2,144,0,0
188.98,0,863,0,0
129.18,2,986,0,0
233.72,2,659,1,0
348.22,4,955,1,0
1578.74,0,278,0,0
513.89,5,946,1,0
533.03,1,885,1,0
4407.65,4,988,0,0
336.48,3,1020,1,0
326.11,4,378,0,1
406.1,5,132,0,0
73.23,1,820,0,1
128.85,3,733,0,0
121.08,4,709,0,0
383.83,0,691,0,0
168.75,4,45,1,0
230.63,1,733,1,0
595.88,3,530,0,0
476.15,6,35,0,0
170.86,5,936,0,0
102.78,2,31,1,0
625.07,2,256,1,0
435.49,1,323,1,0
40.3,1,857,1,0
146.85,1,88,1,0
237.01,8,421,1,0
437.65,2,401,0,0
499.04,3,454,0,0
266.8,2,955,0,0
360.62,5,356,0,0
214.16,3,388,0,0
102.38,5,448,0,0
154.67,3,430,0,0
204.71,2,1044,0,0
194.01,3,293,0,0
30.48,6,125,1,0
134.98,4,462,1,0
212.47,5,92,0,0
151.6,5,873,0,0
156.92,2,977,1,0
327.2,2,909,0,0
68.28,2,881,0,0
39.43,4,461,1,0
141.8,1,765,0,0
431.25,5,435,1,0
1085.87,3,935,0,0
439.09,4,214,0,0
46.26,5,154,0,0
159.21,4,1068,0,0
259.62,0,395,0,0
239.89,4,341,0,0
344.43,5,732,1,0
80.28,2,375,0,0
214.33,4,818,1,0
305.79,3,471,0,0
458.64,0,858,1,0
89.74,1,88,0,1
142.23,2,796,1,0
13.45,1,360,1,0
107.89,1,463,1,0
118.89,1,1019,1,0
72.46,3,528,1,0
237.03,2,82,0,0
189.93,8,502,0,0
20.98,1,264,0,0
249.16,3,520,1,0
79.38,1,239,1,1
326.45,3,704,1,0
55.74,1,258,1,1
206.97,4,510,0,0
151.32,6,1045,1,0
271.97,2,698,0,0
227.53,4,776,1,0
155.62,4,845,1,0
43.22,3,1007,1,0
45.85,3,970,1,0
112.02,4,939,1,0
199.2,6,374,0,1
109.33,1,684,0,0
375.33,4,895,0,0
151.92,1,613,1,0
76.52,3,140,0,0
152.09,2,557,1,0
251.75,3,237,1,0
277.96,4,755,0,0
1314.17,4,941,1,0
102.89,1,768,1,0
186.63,4,603,0,0
307.57,1,656,0,0
196.21,4,590,1,0
121.75,1,492,1,0
42.66,4,249,1,0
120.51,4,739,0,0
68.64,5,383,1,0
35.73,2,172,1,0
90.64,1,876,0,0
70.49,0,604,0,0
360.1,5,570,1,0
366.38,1,569,1,0
81.35,3,86,1,0
154.83,2,585,1,0
31.32,2,595,0,0
122.52,1,559,0,0
299.34,4,8,1,1
458.3,5,821,0,0
98.45,3,672,0,0
575.04,1,829,0,0
44.12,3,552,0,0
57.68,1,361,1,0
408.4,2,912,1,0
1068.17,8,384,1,0
328.99,3,496,1,0
192.91,1,19,0,0
22.36,4,179,1,0
26.58,5,124,1,0
228.6,3,464,1,0
140.4,5,287,1,0
66.47,3,364,0,0
214.46,6,838,1,0
225.36,2,748,1,0
516.46,1,873,0,0
230.25,3,893,0,0
686.07,5,272,0,0
202.47,4,674,0,0
178.98,5,952,1,0
582.25,4,334,0,0
75.5,2,412,0,0
3351.06,1,582,1,0
292.32,0,874,0,0
293.95,2,162,1,1
339.57,1,511,1,0
1312.54,1,266,0,0
443.68,3,780,0,0
40.35,4,265,0,0
817.34,2,390,1,1
142.83,4,379,1,0
223.57,6,78,1,1
55.89,3,731,1,0
339.95,1,278,1,0
104.71,1,537,1,0
222.02,4,763,1,0
151.18,2,861,0,1
1376.91,2,1005,1,0
1458.04,2,138,1,0
210.42,4,688,1,0
214.13,6,360,0,0
138.26,4,842,1,0
607.04,4,426,0,0
144.56,4,16,1,0
131.8,1,937,0,0
534.42,3,832,1,0
117.25,2,362,1,0
193.41,2,915,0,0
41.32,5,450,0,0
406.17,2,452,0,0
1398.91,2,329,0,1
413.15,2,541,0,0
866.43,3,1088,1,0
86.18,0,58,1,0
254.4,2,650,1,0
78.21,2,192,1,0
159.94,6,136,1,0
434.76,3,62,1,1
222.38,7,299,1,0
48.91,2,801,1,0
53.92,3,806,1,0
50.47,2,876,1,0
328.34,4,160,0,0
1582.05,2,119,1,0
784.5,1,1075,1,0
30.16,7,1009,0,0
831.86,2,766,1,0
512.34,4,919,1,0
42.83,3,881,0,0
148.32,2,631,0,0
600.71,2,521,1,0
348.28,3,1071,1,0
54.24,5,740,1,0
369.93,9,966,1,0
23.69,0,227,0,1
160.74,2,244,0,0
626.75,2,689,1,0
204.58,3,1044,1,0
121.95,3,679,0,0
488.79,2,485,1,0
532.37,3,28,0,0
744.43,1,170,1,0
481.51,1,253,0,0
592.27,3,219,1,0
418.01,2,769,0,0
261.94,2,749,0,0
219.66,3,416,1,0
158.43,1,1081,1,0
59.75,3,431,0,0
77.27,2,488,0,0
151.5,2,576,0,0
255.71,3,628,0,0
848.44,6,210,1,0
192.63,1,329,0,0
547.88,7,753,1,1
591.05,2,925,1,0
159.36,5,464,0,1
364.04,2,126,1,0
157.44,3,932,0,0
753.49,6,637,0,1
379.34,4,478,1,0
61.07,3,642,1,0
236.07,3,901,0,0
1043.88,8,2,1,1
167.56,4,394,1,0
314.28,4,1029,1,0
346.7,3,330,1,0
71.23,4,1066,0,0
334.72,7,308,1,0
49.84,1,512,0,0
107.44,3,77,1,0
588.93,0,794,0,0
286.96,2,262,1,0
148.13,5,929,1,0
313.89,3,142,0,0
189.14,5,128,0,0
203.4,0,514,0,0
387.38,2,93,1,0
97.05,3,361,0,0
209.12,1,755,1,0
146.98,3,553,1,0
41.14,4,613,0,0
80.01,4,100,1,0
963.71,0,744,1,0
295.1,2,100,1,1
53.46,1,626,1,0
43.04,0,866,0,0
179.54,4,795,0,0
956.97,3,387,1,0
166.64,3,170,0,0
742.17,0,909,0,0
285.58,2,236,0,0
321.77,1,543,0,0
52.82,4,260,1,0
512.91,5,33,1,0
143.69,3,456,0,0
476.12,4,603,0,0
88.98,2,831,0,0
239.76,2,795,1,0
285.6,3,910,0,1
172.18,1,891,1,0
301.01,5,440,1,0
153.88,6,374,0,0
104.95,5,659,1,0
1000.31,1,525,0,0
573.37,2,323,1,1
93.85,3,35,0,0
354.61,1,521,1,0
95.57,6,514,0,0
61.43,7,1030,1,0
564.76,5,889,1,0
36.54,1,295,1,0
507.47,3,121,0,1
156.0,4,863,1,0
162.56,1,534,0,0
302.58,4,47,0,0
359.17,2,825,1,0
87.9,7,378,0,0
411.71,4,188,0,0
224.97,3,721,0,0
57.2,7,860,1,0
169.48,2,849,1,0
799.4,5,301,1,0
1074.04,5,648,1,0
411.55,0,510,1,0
61.08,2,951,0,0
328.06,2,208,0,1
470.34,4,898,0,0
415.01,4,379,1,0
440.34,3,676,1,1
288.83,2,550,0,0
186.83,2,381,1,0
109.31,5,254,0,0
30.1,1,398,1,0
282.09,4,665,0,0
241.93,4,673,0,0
350.78,5,682,1,1
52.72,4,719,1,0
382.83,2,56,0,0
1567.33,3,432,0,0
217.25,5,345,1,0
188.84,3,435,1,0
273.58,3,419,0,0
1532.91,3,194,1,0
72.16,1,1056,0,0
246.11,4,1,1,0
90.28,5,652,0,0
116.23,4,505,0,0
191.14,1,770,0,0
772.71,4,909,1,0
1216.31,3,710,1,0
314.42,1,839,0,0
137.83,2,300,1,0
2429.22,1,1088,0,0
130.98,2,96,1,1
113.46,1,733,1,1
34.04,0,161,1,0
811.33,2,256,0,0
528.92,8,903,0,0
2253.84,3,742,0,0
50.05,2,694,1,0
863.29,2,907,0,0
215.45,2,305,0,0
449.75,2,702,0,0
38.66,3,221,1,0
871.89,4,528,0,0
441.03,4,443,1,0
193.19,4,677,1,0
382.87,3,72,1,0
93.42,3,29,0,0
112.52,5,35,1,0
126.36,0,291,1,0
31.5,1,631,1,0
475.49,6,173,1,0
661.28,6,1085,1,0
99.61,2,453,1,1
284.52,0,332,0,0
154.01,4,977,1,0
278.9,4,192,1,0
107.23,3,206,1,0
83.03,2,417,0,1
575.17,2,78,0,0
188.43,4,746,1,0
1517.31,1,850,1,0
210.38,3,387,0,0
79.56,4,950,0,0
685.07,3,9,1,0
377.43,1,582,0,0
415.49,2,799,0,0
660.62,5,412,1,0
104.56,1,1036,1,0
176.86,1,472,0,0
169.21,3,1005,0,0
55.25,4,721,1,0
154.31,2,253,1,0
764.3,2,910,1,1
254.66,5,34,0,0
52.28,3,208,1,1
42.38,3,854,1,0
1061.42,3,988,0,1
183.51,6,425,1,0
105.13,2,720,0,0
152.72,1,764,0,0
45.85,3,808,0,0
833.54,1,991,0,1
135.58,4,96,0,0
788.39,1,211,0,0
211.5,6,1005,1,0
838.92,4,596,0,0
259.64,1,578,1,0
471.45,2,441,0,0
412.27,1,397,1,0
374.61,1,268,0,0
284.44,3,437,1,1
159.13,1,81,0,0
1363.79,4,321,0,0
81.1,3,1087,1,0
201.72,3,179,0,0
203.87,3,802,0,0
300.37,2,38,1,0
130.73,3,803,1,0
275.15,4,290,0,0
169.65,2,769,0,0
41.29,4,544,0,1
202.78,2,849,0,0
66.82,3,730,1,0
35.45,8,611,0,0
230.32,2,803,0,0
327.17,8,1057,0,0
340.11,4,652,0,0
354.16,4,191,1,0
29.08,1,127,0,0
51.5,7,600,1,0
1445.35,3,473,0,1
70.48,3,666,0,0
369.97,2,731,1,0
101.05,1,205,1,0
217.51,2,814,0,0
106.63,3,1085,1,0
352.17,7,356,1,0
230.29,1,1017,1,0
128.29,3,1016,0,0
70.27,5,458,1,0
262.53,0,871,0,0
59.73,3,1021,1,0
307.99,1,932,0,0
2776.84,1,426,1,1
774.92,4,730,1,0
411.96,0,649,0,0
184.38,7,453,1,0
28.9,3,700,1,0
53.53,1,1022,1,0
724.42,3,29,0,0
91.18,1,987,1,0
99.82,2,403,0,0
170.19,7,907,0,0
69.45,1,118,1,0
58.9,0,975,1,0
190.97,5,491,0,0
82.36,2,1003,1,0
95.73,6,468,0,0
91.96,4,817,1,0
338.64,3,653,1,0
159.25,5,220,0,0
168.01,1,273,1,0
364.87,5,590,1,0
174.26,4,533,1,0
152.07,3,674,1,0
321.51,2,883,1,1
391.81,4,847,1,0
173.38,2,65,0,0
217.72,5,542,0,0
91.91,3,163,1,0
84.94,2,562,0,0
433.43,4,587,0,0
313.41,2,1090,0,0
316.68,2,425,1,1
265.98,2,495,1,0
210.35,3,560,1,0
403.02,4,143,0,0
511.68,1,66,0,1
499.6,5,777,1,0
181.6,0,329,0,1
803.98,0,397,0,0
252.41,4,1086,0,0
378.03,0,272,0,0
266.31,3,990,0,0
257.13,2,688,0,0
96.24,1,291,0,0
405.02,1,1045,1,0
3456.04,6,681,1,0
138.07,4,343,0,0
215.63,0,494,0,0
128.56,1,408,1,0
123.29,2,925,1,0
941.09,1,510,1,0
102.47,6,41,1,0
125.02,1,753,1,0
41.06,3,829,1,0
94.16,3,434,1,0
36.39,3,1009,0,0
377.81,6,466,1,0
3302.0,1,289,0,0
139.2,4,767,1,0
37.93,0,140,1,0
494.02,1,1078,0,0
97.09,2,748,0,0
736.52,2,347,1,0
151.5,3,90,0,0
106.78,7,641,1,0
168.11,4,642,1,0
428.53,4,870,0,0
160.0,2,311,0,0
122.22,7,233,0,0
164.64,2,452,0,0
56.3,5,896,1,0
298.75,4,994,0,0
33.64,5,389,1,0
128.83,3,53,0,0
429.22,7,122,0,0
271.95,2,596,1,0
362.46,7,28,1,0
188.21,7,792,0,1
646.99,1,37,0,0
506.38,4,464,0,0
313.79,5,873,0,0
507.82,2,512,0,0
425.39,1,739,1,0
129.43,1,366,0,1
52.39,4,869,0,0
305.8,0,467,0,0
346.77,2,824,1,0
597.68,3,1042,1,1
78.75,4,417,1,0
81.14,2,254,0,0
318.14,2,1021,0,0
187.06,2,745,1,0
30.47,2,961,0,0
292.27,2,414,0,0
31.51,1,382,1,0
78.05,5,136,1,1
776.09,3,846,1,0
1245.71,1,924,0,0
59.56,3,897,1,0
144.49,6,319,1,0
209.6,2,535,1,0
1192.51,0,540,1,0
122.7,2,132,1,0
124.67,5,1,0,0
945.12,6,366,0,0
138.07,3,559,1,0
413.55,2,1082,0,0
45.85,2,956,1,0
169.25,2,784,0,0
38.21,6,1054,0,0
69.91,2,848,0,0
464.88,3,576,0,0
191.08,1,998,1,1
145.98,3,1007,1,0
95.0,0,222,1,0
161.08,3,310,0,0
271.43,2,1060,1,0
536.73,3,7,0,0
14.55,3,567,1,0
87.43,6,419,0,0
235.49,4,815,0,0
181.95,4,1049,1,0
300.65,3,349,1,0
262.47,3,242,0,0
148.07,1,361,0,0
118.6,3,783,0,0
157.13,3,394,1,0
633.54,1,703,0,0
96.6,5,381,1,0
188.63,5,811,1,0
241.27,4,69,1,0
956.17,5,375,0,0
148.75,3,339,1,0
523.95,4,655,1,0
688.53,2,709,0,0
188.45,4,796,1,1
162.69,2,987,1,0
144.54,8,872,1,0
155.52,4,46,0,0
471.93,8,742,1,0
253.05,3,19,1,0
254.14,5,453,0,0
65.19,3,649,0,0
76.33,5,350,0,0
1713.05,2,766,1,0
168.13,4,871,0,0
92.56,3,666,0,0
840.24,0,575,0,0
266.24,3,1065,1,0
358.07,5,714,1,0
174.96,2,251,1,0
146.04,2,719,1,0
169.52,4,527,0,0
50.39,3,26,1,0
183.95,2,1002,1,1
270.05,1,871,0,0
1278.0,3,676,1,0
218.89,4,737,1,0
19.46,3,632,1,0
182.84,1,376,1,0
3109.1,8,1021,0,0
477.68,5,606,0,0
89.27,3,371,1,0
362.74,2,750,1,0
95.64,2,172,0,0
51.87,1,350,0,0
141.77,2,142,0,1
220.11,1,94,0,0
30.89,0,900,0,0
63.65,4,479,0,0
202.94,7,938,1,0
133.54,4,698,1,0
298.09,2,256,0,0
59.62,3,232,1,1
410.22,4,501,1,0
61.49,4,104,0,0
1038.28,0,640,0,0
36.12,4,503,0,0
67.36,3,153,0,0
304.89,2,575,0,0
1060.84,4,929,1,0
275.24,2,995,1,0
352.64,3,459,0,0
204.41,3,81,1,0
71.97,4,945,0,0
123.03,3,603,0,0
59.78,6,832,0,0
55.92,1,50,1,0
300.17,1,323,0,1
65.33,5,313,1,0
276.48,4,784,0,0
54.64,4,746,0,0
270.15,2,811,1,0
123.21,5,435,1,0
819.91,8,341,1,0
277.63,7,207,1,0
691.16,3,278,0,0
94.34,2,180,1,0
212.45,0,901,0,0
75.3,5,742,0,0
132.82,4,742,1,1
154.54,4,970,0,0
97.2,3,810,0,0
59.57,2,351,0,0
48.87,5,343,0,0
19.35,5,140,1,0
69.84,1,791,0,0
376.18,3,957,1,0
40.61,3,782,1,0
51.13,2,515,0,0
1204.1,8,365,1,0
106.28,5,480,1,0
276.89,4,296,0,0
381.8,3,182,1,0
389.6,3,472,0,0
43.83,3,259,1,0
159.42,4,809,1,0
39.82,3,992,0,0
2319.03,7,212,0,0
40.76,3,7,0,0
70.44,5,957,0,0
70.95,1,322,1,0
44.97,1,280,1,0
776.8,6,936,0,0
2264.33,3,919,0,0
124.82,3,636,1,1
53.63,5,171,0,0
21.45,0,772,1,0
157.35,1,809,1,0
146.38,1,486,0,0
104.72,2,615,1,0
250.63,1,587,0,0
298.2,1,724,0,0
277.46,3,565,1,0
146.42,3,1066,0,0
66.75,5,39,1,1
390.89,1,58,0,0
203.38,3,166,1,0
488.31,3,164,0,0
442.6,0,546,1,0
48.46,5,87,0,1
47.86,0,210,0,0
94.35,2,569,0,0
69.85,2,985,0,0
427.45,4,879,0,0
285.4,4,238,0,0
602.91,1,60,0,0
298.59,2,809,0,0
247.46,0,853,0,0
666.68,5,1017,0,0
321.28,2,474,1,0
215.01,5,64,0,0
882.75,7,1030,1,1
225.38,3,315,0,0
148.15,2,419,1,0
86.9,2,454,0,0
405.7,2,1078,1,0
692.03,3,396,0,0
190.95,2,609,1,0
742.85,3,552,1,0
28.01,2,1084,0,0
190.02,4,1042,1,0
192.96,7,692,1,0
97.09,4,116,0,0
2178.62,2,379,1,0
187.99,6,729,0,0
133.6,5,879,1,0
206.14,7,823,1,0
27.11,4,533,1,0
93.95,3,734,1,0
536.91,6,338,0,0
107.09,3,696,0,0
87.68,2,524,1,0
744.05,3,749,0,0
767.27,3,954,1,0
336.83,3,898,0,0
127.42,2,802,1,0
158.08,2,841,1,0
89.88,4,191,0,0
74.28,4,203,1,0
70.68,1,918,0,0
108.26,1,592,1,0
71.37,2,472,1,0
42.05,3,728,0,0
250.13,1,91,0,0
253.96,4,181,1,0
1100.34,4,162,1,0
102.95,7,620,0,0
270.07,4,73,0,0
274.6,2,49,0,0
155.83,1,741,0,1
422.81,4,804,1,0
436.08,4,282,1,1
278.66,2,756,0,0
155.55,1,106,1,0
140.48,5,448,0,0
51.15,2,401,1,0
89.72,5,379,0,0
107.83,2,949,1,0
65.28,6,86,0,0
311.85,1,688,1,0
664.62,1,300,0,0
81.01,5,532,1,1
266.67,4,221,0,0
71.41,2,803,1,0
148.07,2,67,1,0
100.71,5,84,1,0
366.68,1,360,1,0
101.88,3,966,1,0
552.39,2,27,1,0
157.1,2,195,1,0
104.9,6,538,0,0
57.36,2,24,1,1
258.73,4,585,1,0
491.67,1,397,1,0
263.99,4,707,1,0
1884.5,2,64,1,1
839.14,2,194,1,1
147.68,0,183,1,0
146.14,5,807,0,0
321.27,1,809,1,1
86.88,3,128,0,0
644.76,2,443,1,0
288.35,1,771,0,0
259.57,2,8,0,0
399.23,3,111,1,0
1124.86,2,705,0,0
238.3,2,618,0,0
179.39,5,774,0,0
908.05,3,511,1,0
528.55,2,987,0,0
145.71,3,138,0,0
201.9,1,170,0,0
244.19,2,696,1,1
288.41,4,938,0,0
51.73,5,26,1,0
42.95,4,776,0,0
82.7,3,1064,1,0
76.54,5,617,1,0
105.51,0,910,1,0
378.91,1,287,1,0
169.64,3,881,0,0
244.44,1,501,1,0
59.04,4,327,1,0
126.59,7,217,0,0
361.35,6,934,0,0
364.14,3,786,0,0
97.32,6,863,1,0
236.1,7,770,0,0
1810.64,5,280,0,0
197.35,4,210,0,0
100.42,3,709,1,0
168.82,0,277,0,0
220.25,3,709,0,0
172.68,4,986,1,0
194.66,3,820,0,0
47.42,4,517,0,1
76.7,3,995,0,0
172.99,4,603,1,1
170.26,2,515,0,0
114.02,4,1049,1,0
168.27,2,367,0,0
213.49,2,227,0,1
488.82,2,153,0,0
181.88,4,687,1,0
299.37,0,558,1,0
116.86,7,847,1,0
355.91,8,161,1,0
292.46,3,350,0,0
477.42,4,133,1,0
409.95,1,338,1,0
361.88,3,1051,1,0
182.03,2,982,1,0
256.6,1,543,1,0
581.78,4,109,1,0
104.64,3,1089,1,0
107.14,7,173,1,0
240.81,2,111,1,0
304.25,2,450,0,1
88.1,4,1030,0,0
186.39,4,874,0,0
182.84,3,394,1,0
21.92,3,498,1,0
161.26,4,67,1,0
171.62,5,296,1,0
171.11,2,734,1,0
827.57,3,460,1,0
59.55,3,1071,0,0
88.06,7,488,1,0
14.74,5,927,1,0
124.17,9,796,1,0
135.23,4,556,0,0
120.62,2,951,1,0
608.05,1,953,1,0
474.95,2,352,0,0
217.12,1,305,0,0
138.65,0,776,0,0
560.47,4,30,0,0
196.93,3,768,0,0
88.62,2,476,0,1
36.1,4,840,0,0
129.19,5,143,1,0
427.19,4,630,1,0
1956.91,4,587,1,0
213.62,1,17,1,0
93.43,3,574,0,0
61.41,2,718,1,0
348.81,4,444,0,1
34.4,4,670,0,0
348.25,5,357,1,0
455.0,5,670,0,1
310.71,0,267,0,0
161.24,2,308,0,0
353.37,2,78,1,0
238.3,4,108,1,0
92.25,3,148,0,0
1277.93,3,208,0,0
141.3,1,787,1,0
436.3,3,237,0,0
17.89,3,389,1,0
719.86,4,190,1,0
872.49,2,464,1,0
206.94,4,268,0,0
351.2,2,360,1,1
351.11,2,76,1,0
105.62,5,553,1,0
347.13,3,295,0,0
89.47,3,713,1,0
109.27,1,1092,0,0
619.88,3,531,1,0
532.32,4,560,1,0
99.11,5,909,0,0
96.45,4,377,0,1
105.32,2,155,0,0
417.89,2,789,0,0
73.89,3,711,0,1
286.95,3,514,1,0
423.87,6,424,0,0
183.89,2,33,0,0
551.5,5,610,1,1
148.16,0,599,0,1
162.18,7,565,0,0
75.59,2,333,0,0
555.44,1,167,1,0
93.32,3,625,1,0
284.96,6,679,0,0
187.03,3,190,1,0
70.09,6,132,1,0
109.23,2,528,1,0
800.68,3,53,1,0
245.73,5,212,1,0
73.22,1,697,0,0
272.57,0,327,0,0
173.55,4,504,0,0
6352.68,5,752,0,1
267.12,7,194,0,0
137.27,3,250,1,0
830.99,3,326,1,0
31.87,2,457,0,0
220.72,4,613,1,0
1475.89,4,81,1,0
178.82,3,519,1,0
35.49,2,752,1,0
135.19,1,932,1,0
860.15,1,590,1,0
292.56,2,685,1,0
86.81,4,891,0,0
101.22,9,796,0,0
114.76,0,586,1,1
288.24,1,620,1,1
765.69,3,1088,1,0
575.37,4,829,1,0
316.9,5,264,0,0
53.03,4,497,1,0
53.23,5,812,1,1
342.35,5,572,1,0
52.31,4,473,0,0
160.3,4,666,1,0
272.25,2,412,0,0
64.39,6,742,1,0
72.12,3,801,1,0
182.81,2,983,1,0
332.37,1,1046,1,0
580.62,4,779,1,0
368.57,1,827,0,0
216.21,3,845,0,0
95.24,4,362,0,0
68.83,2,1002,0,0
120.51,4,558,1,0
302.63,2,950,0,0
281.24,1,238,0,0
24.6,4,340,1,0
91.55,4,679,1,1
669.88,2,633,0,0
217.41,2,441,1,0
48.69,3,242,1,1
2118.38,3,250,0,0
195.13,0,796,0,0
294.98,3,24,1,1
299.5,2,131,1,0
139.07,1,1013,0,0
97.03,3,1072,0,0
1676.16,1,87,0,0
547.73,2,156,0,1
456.93,3,361,1,0
357.41,0,642,1,0
73.65,2,209,0,0
720.62,1,1075,0,0
86.44,1,541,0,0
266.63,4,588,1,0
38.99,3,214,1,0
26.09,0,337,1,1
276.13,6,806,0,0
89.43,3,693,0,0
27.48,1,246,0,0
344.88,3,484,1,0
1673.49,3,203,1,0
806.05,2,446,0,0
155.29,5,238,0,0
202.64,4,1072,0,0
487.99,3,326,0,0
616.9,0,519,1,0
142.46,2,703,0,0
207.84,4,45,1,0
271.29,3,230,1,0
349.49,5,1082,0,0
175.83,3,763,0,0
178.13,3,265,0,0
798.25,1,471,1,0
673.24,9,939,1,0
323.76,3,216,0,0
1120.68,1,328,0,0
136.47,5,263,1,0
1017.96,5,728,0,1
345.54,3,577,1,0
5290.2,3,548,1,0
60.95,4,415,1,0
100.81,2,359,1,0
305.33,7,563,1,0
298.81,2,875,0,0
1411.95,5,889,0,0
102.95,1,859,1,1
496.46,2,51,0,0
642.3,5,537,0,0
406.36,3,431,0,0
76.83,6,1024,0,0
820.85,1,455,0,0
686.71,1,271,1,0
365.83,3,275,0,0
246.39,3,214,0,0
251.81,6,484,1,0
185.65,0,289,1,0
381.22,2,620,0,1
207.21,4,253,1,0
85.98,2,640,1,0
70.39,2,674,0,0
94.68,3,733,1,0
250.82,1,966,0,0
195.51,3,84,0,0
249.12,5,58,0,0
331.42,3,504,0,0
107.26,3,565,1,0
869.78,4,829,1,0
153.68,2,249,0,0
130.21,1,498,0,0
325.37,0,669,1,0
32.01,2,719,0,0
91.11,1,595,0,0
535.74,6,646,1,0
35.35,2,180,0,0
614.1,2,509,1,0
910.25,1,593,1,1
138.81,2,87,0,0
268.92,7,1060,1,0
615.03,3,693,0,0
125.94,3,786,1,0
478.36,5,585,0,0
102.66,2,1019,1,0
124.58,1,7,0,0
90.31,4,1049,1,1
282.94,6,227,0,0
639.42,1,968,0,0
167.08,0,68,1,0
56.34,3,343,1,0
68.03,3,624,1,0
298.03,4,720,1,0
1269.91,2,17,0,0
297.77,1,393,0,0
136.41,8,922,1,0
432.15,5,201,0,0
158.08,2,1037,1,0
137.59,7,778,0,0
77.02,3,1068,0,0
821.42,2,989,1,0
15.85,2,248,1,0
446.06,7,1030,0,0
126.32,4,542,1,0
133.25,4,283,1,0
1091.05,4,975,1,0
98.34,1,515,1,1
101.75,3,752,0,1
176.3,2,668,0,0
303.82,5,327,1,0
129.12,4,1076,0,0
41.63,2,913,0,0
84.51,4,579,1,1
723.37,4,628,0,1
216.45,3,77,1,0
315.35,5,799,1,0
154.65,5,996,0,0
103.86,3,1061,1,0
1075.08,2,613,0,0
166.4,5,1092,1,0
128.92,6,874,0,0
601.08,2,553,0,0
97.54,0,876,0,0
110.81,1,172,0,0
202.92,4,740,1,0
200.91,2,678,1,0
260.39,3,540,0,0
1626.61,3,705,1,0
281.13,1,933,1,1
18.63,5,626,1,0
278.35,2,415,1,0
208.61,2,462,0,0
209.77,2,622,0,0
256.86,4,637,1,0
195.18,6,344,1,0
190.56,3,585,0,0
370.79,1,315,1,0
116.8,7,1034,0,0
77.86,2,585,0,0
4131.38,6,917,1,1
98.17,5,416,1,0
222.01,3,431,0,0
45.01,3,316,1,0
225.67,4,625,1,0
78.99,4,675,0,0
129.04,6,620,1,0
571.15,3,916,0,1
322.01,2,559,1,0
354.6,6,899,1,0
34.17,6,64,0,0
1260.77,2,394,1,0
60.99,1,780,0,0
926.25,3,420,0,0
557.87,2,801,1,0
357.78,4,648,1,0
85.42,1,530,1,1
233.73,3,611,0,0
125.42,4,987,1,0
206.77,1,743,1,1
156.45,0,1077,0,0
26.15,2,105,0,0
616.69,0,890,1,1
185.21,6,976,0,0
123.69,2,1016,0,0
114.69,4,590,0,0
287.45,5,534,0,0
82.17,0,639,0,1
21.06,2,1001,0,0
301.79,1,949,1,0
337.54,1,1023,0,0
164.51,3,1061,0,0
63.73,3,683,0,0
219.54,2,284,1,1
46.43,4,165,0,0
71.91,5,983,0,0
94.81,1,167,0,0
467.09,6,78,1,0
139.77,5,517,1,0
128.34,1,814,1,1
1418.39,5,805,0,1
285.73,2,279,1,0
281.91,2,549,1,0
138.78,4,979,1,1
110.63,2,876,1,0
22.56,4,1003,0,0
529.18,3,843,0,0
314.47,3,100,0,0
167.91,3,223,1,1
175.1,4,185,0,0
419.36,1,146,0,0
42.43,3,940,1,0
111.35,4,773,0,0
64.48,2,1000,0,1
1180.97,4,351,1,0
482.14,3,1072,0,0
22.2,2,1019,1,1
44.2,4,116,0,0
175.96,0,951,0,0
125.23,4,122,0,0
53.42,4,494,1,0
1404.37,3,198,1,0
274.55,3,636,1,0
322.92,7,20,1,0
100.54,5,927,0,0
413.58,1,522,0,1
137.3,0,954,0,0
151.3,4,475,0,0
370.03,2,610,1,0
39.39,1,808,0,0
991.89,3,1064,1,0
241.04,4,410,1,0
723.09,2,570,1,1
68.52,4,355,0,0
79.79,3,45,1,0
62.85,4,956,1,0
257.98,6,616,1,0
214.56,4,408,1,0
126.24,5,851,0,0
72.86,1,896,0,0
56.6,2,1078,1,0
191.35,4,478,1,0
126.09,0,116,1,0
101.19,5,531,0,0
943.57,6,482,1,0
184.98,3,227,0,0
715.25,3,642,1,0
117.84,3,454,0,0
256.56,5,965,1,0
190.02,6,53,1,0
36.78,3,784,0,0
837.92,3,659,0,0
175.46,2,253,1,0
423.69,3,386,0,0
94.69,3,941,0,0
170.33,1,399,0,0
84.41,2,727,0,0
691.31,1,561,1,1
274.24,4,980,0,0
289.93,3,723,1,0
781.15,3,913,0,0
638.38,2,989,1,0
431.78,2,142,1,0
48.47,4,913,1,0
100.17,3,1051,0,0
73.6,4,40,0,0
415.76,1,498,0,0
238.23,1,279,1,1
50.0,0,1075,1,0
166.31,0,386,1,0
45.08,3,205,1,0
190.46,8,105,0,0
38.37,3,868,1,0
340.84,2,65,1,0
293.11,2,334,1,0
1353.61,3,607,1,0
468.93,1,50,1,0
131.59,2,192,0,0
455.16,3,1088,1,0
49.65,1,501,0,0
76.72,6,333,0,0
280.26,2,952,0,1
23.2,3,89,0,0
193.53,2,290,0,0
72.41,4,942,0,0
222.27,1,824,0,0
68.36,3,473,1,0
307.0,3,1073,1,0
204.78,3,631,1,0
814.81,3,816,1,0
202.21,5,1078,1,0
93.12,3,552,1,0
156.91,3,526,1,0
52.37,3,727,0,0
301.49,1,74,1,0
362.29,2,469,0,0
2372.69,4,757,0,0
107.85,6,415,0,0
153.67,3,778,0,0
112.94,5,442,0,0
248.32,3,213,1,0
294.2,5,161,1,0
190.42,5,597,0,0
595.21,2,212,0,0
108.38,1,404,1,1
538.48,5,569,1,0
344.15,1,55,0,0
198.45,3,460,0,0
146.59,2,341,0,0
2273.9,4,344,1,0
88.73,0,996,1,1
270.57,1,1012,0,0
94.86,1,329,0,0
1197.76,3,964,1,0
487.56,3,245,1,0
101.92,3,380,1,0
335.35,3,1030,0,1
259.9,2,112,1,0
119.82,6,419,0,0
428.7,1,881,0,0
296.45,3,1029,1,0
249.21,2,1038,1,0
192.61,4,963,0,0
309.09,5,1056,1,1
252.64,2,515,1,0
213.08,2,354,0,0
105.8,3,422,0,0
1092.64,1,132,1,0
70.26,5,151,1,0
308.04,1,1066,1,0
145.82,4,209,0,0
1166.93,4,675,0,0
81.38,5,255,0,0
96.29,2,727,0,0
76.15,3,515,1,0
277.56,2,115,0,0
50.88,7,408,1,0
124.47,3,800,0,0
23.34,5,876,1,0
255.44,3,317,1,0
121.8,2,325,1,0
45.36,2,799,1,0
594.78,4,465,1,1
54.32,8,77,0,0
445.65,7,135,0,0
99.64,3,409,0,0
996.41,6,297,1,0
425.02,1,131,0,0
73.3,4,857,1,0
80.28,5,503,1,0
368.01,4,774,1,0
154.5,3,3,1,0
169.57,0,441,1,0
716.82,1,523,0,0
95.0,1,632,0,0
220.06,3,1060,0,0
521.76,3,502,1,0
451.11,4,536,0,0
171.22,3,980,1,0
150.46,3,436,0,0
35.3,3,432,0,0
69.85,2,175,0,0
276.15,2,790,1,0
174.99,0,22,0,0
216.48,4,240,1,0
567.84,2,458,1,0
61.27,4,475,1,1
158.6,1,43,0,1
242.57,3,580,1,0
99.33,2,1064,0,0
840.55,3,115,0,0
498.28,2,540,0,0
268.46,1,643,0,0
1208.12,1,355,1,0
44.87,4,629,0,0
199.31,8,373,0,0
289.72,2,174,1,0
80.48,4,920,1,1
271.32,4,1093,0,0
66.42,0,423,0,0
400.67,1,102,1,0
578.49,4,179,0,0
263.73,2,980,1,1
31.49,3,964,0,0
76.39,3,538,1,0
353.29,0,954,1,0
205.16,4,244,0,0
13.58,7,438,1,0
696.05,0,124,0,0
230.27,3,597,1,0
88.54,0,766,1,0
543.23,4,1052,0,0
102.01,0,826,1,0
100.9,1,728,0,0
287.42,3,737,0,0
1192.28,2,689,1,0
1018.59,3,460,0,0
287.81,3,548,0,0
318.93,2,189,1,0
443.23,3,22,0,0
57.15,0,864,1,0
382.5,3,543,1,0
96.4,3,954,1,0
276.18,5,134,0,0
159.99,4,429,0,0
331.55,3,282,0,0
226.03,1,921,1,1
9.3,2,413,1,0
240.2,5,696,0,0
381.74,2,93,0,0
313.72,2,577,1,0
181.27,2,483,0,0
1037.68,2,669,0,0
274.23,3,641,0,0
311.14,5,118,0,0
570.82,4,55,1,0
288.64,1,138,0,1
81.82,1,239,0,0
17.54,4,796,0,0
124.64,5,295,1,0
429.89,7,1062,0,1
141.1,0,95,1,0
447.54,8,556,1,0
233.06,3,784,0,0
728.25,3,60,0,0
149.51,3,563,0,0
320.6,3,75,1,0
333.11,2,865,1,0
901.61,0,512,0,0
36.45,1,946,0,0
127.0,5,720,0,0
469.23,2,347,1,0
942.45,2,170,1,0
255.36,2,174,0,1
149.89,0,37,1,0
428.25,3,329,1,0
478.8,3,799,0,0
140.18,3,389,0,0
279.47,6,160,1,0
654.0,2,88,0,0
1330.15,4,480,0,1
422.08,8,230,1,1
209.92,1,804,0,0
190.28,3,369,0,0
350.72,1,138,0,0
178.92,2,299,1,0
242.8,3,485,1,0
69.74,4,42,0,1
734.83,2,122,0,0
64.23,4,1052,1,0
130.38,1,381,0,0
221.45,4,819,1,0
1470.82,6,999,0,0
131.62,1,125,0,0
103.19,4,751,0,0
115.79,1,912,0,0
1055.2,5,26,0,0
12.06,1,341,0,0
73.69,1,148,1,1
3083.66,3,35,0,0
362.66,6,322,1,0
66.46,3,201,1,0
192.61,4,980,0,0
214.87,2,260,1,0
468.11,2,818,0,0
1264.06,6,57,0,0
296.23,1,676,0,0
117.07,5,761,0,0
441.28,4,167,1,0
99.92,1,472,0,0
71.47,3,1017,1,0
34.56,4,672,1,1
41.99,3,885,0,0
81.95,3,465,0,0
61.86,1,262,1,0
274.74,5,515,0,0
60.53,2,443,0,0
8.66,3,1076,1,0
70.72,2,469,0,0
125.3,3,687,1,0
109.63,2,643,1,0
917.92,1,407,0,0
108.75,1,411,1,0
484.69,2,925,0,0
197.08,2,230,1,0
192.54,4,456,1,0
87.11,2,730,1,0
189.39,1,62,0,0
93.46,1,742,1,0
238.08,4,912,1,0
158.59,2,484,0,0
78.1,3,638,0,0
541.57,2,533,0,0
307.79,3,729,1,0
128.32,2,56,0,0
232.31,4,676,0,0
184.71,2,499,1,0
84.35,5,40,0,0
215.53,2,876,0,0
107.94,0,167,0,0
78.07,5,648,0,0
39.64,4,931,1,0
140.33,2,1008,0,0
354.09,2,688,1,0
100.28,3,784,0,0
2498.12,5,640,0,1
487.0,6,851,1,0
740.2,5,1068,1,0
444.89,7,502,0,0
1281.07,2,452,1,0
91.43,4,190,1,0
15.52,2,1072,1,0
128.57,5,998,1,0
351.01,1,773,1,0
233.71,1,722,0,0
264.56,5,224,1,0
752.57,7,995,1,0
294.31,3,64,0,0
446.53,4,676,0,0
78.49,8,278,0,0
67.17,4,498,1,0
1008.98,2,105,0,1
222.18,2,148,1,0
107.7,2,413,0,0
107.9,1,436,0,0
104.95,1,965,0,0
98.85,4,654,0,0
55.67,2,35,1,1
44.8,6,1019,1,0
165.27,3,668,1,0
111.01,3,908,1,0
607.74,2,1011,1,0
269.26,5,562,1,0
261.88,3,197,1,0
95.53,6,491,0,0
177.96,3,752,1,0
288.18,3,37,0,0
411.08,2,1035,0,0
182.85,6,385,1,0
590.94,4,722,0,0
202.47,3,1074,0,0
443.83,3,947,0,0
123.07,4,811,1,0
32.79,3,327,1,0
262.68,0,575,1,0
414.85,4,549,0,0
357.07,3,944,1,0
306.36,2,44,1,0
141.74,3,26,0,0
89.64,2,130,0,0
348.74,1,1048,1,0
307.67,2,592,0,0
114.63,2,766,1,0
609.12,4,104,0,1
83.07,3,15,1,1
112.06,2,712,0,0
1031.75,3,772,1,0
478.74,3,468,1,0
140.41,4,91,0,0
267.73,1,536,0,0
234.48,6,700,0,0
12.9,4,234,1,0
81.13,3,330,1,0
190.9,2,817,1,0
140.61,1,233,0,0
257.16,2,109,1,0
621.46,2,688,0,0
145.63,3,26,0,0
69.75,4,475,0,0
277.95,1,624,1,0
144.89,2,71,1,0
171.83,1,715,1,0
150.03,2,900,1,0
1890.17,6,1066,1,0
21.37,3,292,1,0
136.22,3,358,0,0
200.12,3,677,0,0
91.97,4,656,0,0
493.94,1,667,0,0
452.98,2,345,1,0
191.49,4,62,0,0
153.23,2,28,0,0
179.58,1,1092,1,0
180.87,5,445,0,0
185.71,2,490,0,0
166.43,4,685,1,0
258.54,4,225,1,0
426.58,3,418,1,0
58.69,3,478,0,0
70.24,1,104,1,0
34.96,4,660,1,0
477.7,3,213,1,0
257.99,1,4,1,1
332.9,2,680,1,0
48.09,1,329,1,0
1196.95,6,786,0,0
109.26,2,587,1,0
237.65,3,32,1,0
472.0,4,760,1,0
74.86,1,45,1,0
116.31,1,343,1,0
240.27,5,751,1,0
3498.39,4,442,0,1
271.43,3,422,0,0
1001.19,0,243,1,0
670.66,6,486,1,0
290.21,4,321,1,0
74.69,2,1036,0,0
579.6,5,752,0,0
44.9,2,995,0,0
995.71,2,369,0,1
245.33,3,1040,1,0
14.19,1,306,1,0
142.89,5,339,0,0
386.27,2,327,1,0
158.47,1,645,0,0
410.59,1,671,1,0
85.85,6,72,1,0
54.41,4,614,0,0
187.01,2,1043,1,0
207.3,3,446,1,0
141.77,3,766,1,0
685.31,1,692,0,0
85.83,5,1073,0,0
274.72,4,704,0,0
214.98,4,516,1,0
42.35,2,15,1,0
53.71,5,880,0,1
203.26,4,371,0,0
1456.49,2,1012,1,0
358.47,2,268,0,0
35.76,3,479,1,0
8.95,2,908,0,1
418.07,2,167,1,0
182.43,2,302,0,0
628.82,1,867,1,0
83.25,3,348,0,1
285.09,2,1048,0,0
468.14,1,589,0,0
128.4,1,903,0,0
131.17,4,599,0,0
205.99,3,50,1,0
345.59,2,888,1,0
198.0,1,460,1,0
531.97,3,425,0,0
126.55,6,806,0,0
53.21,6,308,1,0
1450.35,3,469,0,0
109.72,3,666,1,1
113.77,1,650,0,0
188.06,2,797,0,0
214.81,2,90,0,0
136.44,1,1086,0,0
197.38,9,666,0,0
193.03,5,677,0,0
239.22,2,966,1,1
19.01,1,537,1,0
1317.46,2,34,1,0
173.35,3,146,1,0
358.96,5,1037,0,0
50.63,5,1080,0,0
125.41,2,92,1,0
102.54,3,750,0,0
873.33,2,723,1,0
111.81,3,181,0,0
428.66,2,862,0,0
104.81,7,503,1,0
127.74,7,253,1,0
157.12,5,613,0,0
725.19,5,991,1,0
30.35,4,238,1,0
53.89,4,677,0,0
28.65,3,802,1,1
67.7,4,685,0,0
89.21,3,712,1,0
39.97,2,794,0,0
96.39,3,256,0,0
26.79,3,112,0,0
72.57,3,1083,0,0
667.14,4,350,0,0
300.72,0,1038,0,0
242.27,3,294,1,0
73.69,2,291,1,0
43.23,3,28,1,0
64.29,4,484,0,0
192.36,0,1034,0,0
478.55,2,979,0,0
495.2,7,334,0,0
377.36,1,445,0,0
96.07,2,733,0,0
205.85,3,1045,1,0
145.66,1,661,1,0
164.25,2,220,1,1
1540.27,4,390,0,1
34.49,2,793,1,0
158.84,2,26,1,0
674.74,2,656,1,0
46.37,1,842,1,0
105.51,5,379,1,0
118.34,3,590,1,0
160.66,3,786,1,1
40.72,3,652,0,0
364.26,4,27,0,0
391.06,6,641,0,0
333.94,3,253,0,0
84.12,1,810,1,0
219.01,3,286,1,0
81.71,5,1071,0,0
144.03,1,129,1,1
1730.31,4,975,0,0
221.03,4,38,1,0
61.26,4,748,1,1
240.55,1,387,0,0
51.98,3,214,0,0
60.56,3,239,1,1
70.91,2,43,0,0
128.8,3,146,0,0
512.63,7,429,1,0
358.16,3,173,1,0
338.86,2,1060,1,0
66.93,1,904,0,0
116.89,5,517,0,0
263.64,4,104,0,0
107.15,3,1079,1,0
152.05,4,793,0,0
312.29,2,201,0,0
141.71,1,60,0,0
251.8,2,678,0,0
987.64,2,45,0,0
169.14,2,673,0,1
653.23,1,484,1,0
351.41,2,964,0,0
46.31,3,418,1,0
66.72,2,491,1,0
87.27,0,598,1,0
85.43,2,1076,1,0
183.51,4,769,1,0
371.38,4,733,1,1
704.68,2,339,1,0
273.35,7,529,0,0
128.63,1,213,1,0
25.04,3,429,0,0
215.55,0,900,0,0
206.1,3,109,1,0
241.17,2,181,0,0
1650.49,3,641,0,0
694.49,4,874,1,0
440.38,2,1067,1,0
76.75,3,643,0,0
120.25,2,719,0,0
182.68,2,317,1,0
92.5,2,449,0,0
331.31,4,344,1,0
287.0,5,120,0,0
67.65,4,406,0,0
664.74,5,239,0,0
222.49,2,647,0,0
35.64,4,825,0,0
190.8,1,1072,1,0
266.08,2,963,1,0
531.33,4,349,1,0
143.32,3,1027,1,0
459.68,7,1031,0,0
242.19,0,551,0,0
53.92,4,225,1,0
48.78,1,851,0,0
617.17,4,124,0,0
664.19,2,396,1,0
277.41,3,583,0,0
896.31,1,945,1,1
577.78,3,1069,1,0
397.91,2,895,0,0
80.74,1,531,0,0
1134.58,0,93,0,0
343.4,1,876,1,0
136.56,3,938,0,0
102.96,1,517,0,0
259.66,2,607,1,0
37.77,0,930,1,0
404.34,8,145,1,0
77.4,1,890,1,0
290.96,1,561,0,1
119.22,1,751,1,0
154.19,2,209,0,0
94.22,5,674,1,0
170.95,2,294,1,0
1328.71,2,567,1,0
802.43,3,575,0,1
286.31,4,1047,1,0
195.84,5,734,0,0
467.21,5,610,1,0
621.76,4,440,0,0
87.6,0,369,0,0
185.89,3,714,0,0
32.48,1,966,0,0
617.51,2,627,0,0
1583.84,7,723,0,0
217.6,4,359,0,0
23.99,2,611,1,0
369.25,3,626,1,0
81.33,6,747,0,0
103.47,3,346,0,0
375.84,1,382,1,0
259.08,2,394,0,0
123.28,4,461,0,0
104.9,1,320,0,0
227.79,2,214,0,0
133.37,2,548,0,0
66.24,5,936,1,1
144.03,0,35,1,0
282.08,3,729,1,0
168.09,3,894,1,0
48.87,3,902,0,0
540.04,2,933,1,0
12.98,2,348,1,0
128.54,3,111,0,0
108.03,3,1090,0,0
232.94,0,766,0,0
352.22,4,391,0,0
619.77,3,933,1,0
98.51,0,387,0,0
361.1,3,820,1,0
244.3,4,1051,0,0
36.27,2,841,0,0
1343.62,5,717,0,0
47.65,4,210,1,1
305.54,3,1022,0,0
296.65,1,466,1,0
264.6,5,682,1,0
122.49,3,670,1,0
459.36,6,270,1,0
42.19,5,660,1,0
188.06,3,428,0,0
114.29,3,383,0,0
102.03,3,940,1,0
308.38,1,790,1,0
589.97,0,536,1,0
142.5,4,21,0,0
438.46,5,776,0,1
211.1,1,808,1,0
82.26,2,183,0,0
